id,firstName
1,JOHNSON
2,WILLIAMS
3,DAVIS
4,TAYLOR
5,ANDERSON
6,THOMAS
7,HARRIS
8,CLARK
9,LEWIS
10,ALLEN
11,SCOTT
12,CARTER
13,MITCHELL
14,PARKER
15,STEWART
16,MORRIS
17,HOWARD
18,KELLY
19,BENNETT
20,ROSS
21,COLEMAN
22,BRYANT
23,RUSSELL
24,WALLACE
25,HARRISON
26,CRUZ
27,FREEMAN
28,BOYD
29,MASON
30,REYES
31,GORDON
32,PALMER
33,SPENCER
34,ARNOLD
35,WILLIS
36,CARROLL
37,DUNCAN
38,BRADLEY
39,RILEY
40,ELLIOTT
41,KELLEY
42,FRANKLIN
43,RYAN
44,HARVEY
45,STANLEY
46,GEORGE
47,REID
48,KIM
49,GARRETT
50,DOUGLAS
51,CURTIS
52,NEAL
53,SHELTON
54,BARRETT
55,GREGORY
56,LUCAS
57,CRAIG
58,FLETCHER
59,VAUGHN
60,NORRIS
61,LEONARD
62,WARNER
63,DENNIS
64,TODD
65,BLAIR
66,WALTON
67,JOSEPH
68,FRANCIS
69,QUINN
70,BLAKE
71,FLOYD
72,PAUL
73,LINDSEY
74,DOYLE
75,SIMON
76,ROY
77,BRADY
78,BROCK
79,OWEN
80,JEFFERSON
81,MORTON
82,PATRICK
83,CLAYTON
84,LLOYD
85,CARSON
86,BARTON
87,TRAN
88,CASEY
89,CORTEZ
90,MCKENZIE
91,ALLISON
92,RICHARD
93,RANDALL
94,ANTHONY
95,KIRBY
96,BRADFORD
97,BRUCE
98,LANG
99,CAMERON
100,WYATT
101,GLENN
102,KEITH
103,VINCENT
104,WILEY
105,LESTER
106,DORSEY
107,DALTON
108,VANCE
109,MOSES
110,CAREY
111,BOOKER
112,MIRANDA
113,WALTER
114,MAYNARD
115,RANDOLPH
116,LARA
117,SHANNON
118,EVERETT
119,ASHLEY
120,HERMAN
121,WILLIAM
122,SOLOMON
123,DUDLEY
124,NOLAN
125,BENTON
126,JOYCE
127,HALEY
128,CHAN
129,BARRY
130,AVERY
131,TERRELL
132,SANFORD
133,HESTER
134,DILLON
135,BERNARD
136,TRAVIS
137,HAYDEN
138,LYNN
139,DAVID
140,JARVIS
141,MERRILL
142,DONOVAN
143,ALBERT
144,RAYMOND
145,STANTON
146,EMERSON
147,CONRAD
148,TYSON
149,IRWIN
150,BURT
151,NIEVES
152,LINDSAY
153,WHITLEY
154,SHEA
155,HANNA
156,KENDRICK
157,SHIRLEY
158,ODELL
159,HOLLEY
160,FELIX
161,MORA
162,BOYCE
163,REYNA
164,GREGG
165,WERNER
166,JAMISON
167,TRACY
168,TATUM
169,STARR
170,HOLLIS
171,BRANDON
172,ERVIN
173,CLIFTON
174,HERBERT
175,GRADY
176,ELDRIDGE
177,SEYMOUR
178,HILTON
179,FRITZ
180,CHRISTOPHER
181,FORREST
182,NEELY
183,MANUEL
184,IVEY
185,THURMAN
186,MILTON
187,WINSTON
188,ARTHUR
189,LESLIE
190,ERWIN
191,COURTNEY
192,WESTON
193,PAIGE
194,CARLTON
195,BRUNO
196,GASTON
197,LILLY
198,HANNAH
199,WILLARD
200,MEREDITH
201,NICHOLAS
202,CHUNG
203,IRVIN
204,DEWITT
205,LIN
206,AARON
207,TONEY
208,MELVIN
209,WESLEY
210,RUDOLPH
211,MARIN
212,CASSIDY
213,KAY
214,KYLE
215,HAYWOOD
216,SYLVESTER
217,ABRAHAM
218,HOYT
219,JARRETT
220,SHERIDAN
221,FELTON
222,CODY
223,MICHEL
224,STACY
225,LOUIS
226,CLIFFORD
227,ROLAND
228,SAMUEL
229,LACEY
230,CHRISTIE
231,OTTO
232,DARBY
233,ALI
234,YU
235,CORNELIUS
236,VERA
237,ABEL
238,SHERWOOD
239,KENNY
240,MYLES
241,CARON
242,MARCUS
243,ELLIOT
244,SHELDON
245,MARION
246,RUBIN
247,DENNY
248,JACOB
249,IRVING
250,VERNON
251,KEENAN
252,GROVER
253,VALENTIN
254,ISAAC
255,EARL
256,AMBROSE
257,REAGAN
258,SHERRILL
259,HONG
260,LOYD
261,BENEDICT
262,REGAN
263,ELIAS
264,WILBURN
265,RUSS
266,MALLORY
267,GIL
268,ALONZO
269,LYLE
270,COREY
271,JACQUES
272,CHADWICK
273,BARNEY
274,WELDON
275,LIBBY
276,FAY
277,LINN
278,ELLSWORTH
279,LAMAR
280,KELSEY
281,AUGUSTINE
282,LAYNE
283,CHRISTY
284,HARLEY
285,ALONSO
286,ASHTON
287,LUTHER
288,HYMAN
289,DONALD
290,ANDREW
291,SHELLEY
292,ROBERT
293,JORDON
294,HUEY
295,DOUGLASS
296,YEE
297,FRANCISCO
298,SHELBY
299,COLBY
300,REA
301,GAVIN
302,CARY
303,LYMAN
304,TOBIAS
305,MILLARD
306,BESS
307,NOE
308,JUNG
309,BUFORD
310,MALCOLM
311,LARUE
312,EDMOND
313,DEWEY
314,MARVIN
315,NEIL
316,EDWARD
317,THAO
318,PALMA
319,MARX
320,CHONG
321,PAZ
322,WILBUR
323,GARNETT
324,CATHEY
325,JEFFREY
326,CECIL
327,OLIVA
328,JEFFERY
329,HARLAN
330,BRODERICK
331,EDGAR
332,RALPH
333,LORENZO
334,BRICE
335,AHMED
336,CORDELL
337,DION
338,CARL
339,MARQUIS
340,NEVILLE
341,STACEY
342,LEIGH
343,RICHIE
344,CHUN
345,CALVIN
346,LARRY
347,EARLE
348,LOWELL
349,WAYNE
350,FALLON
351,EMANUEL
352,RAMON
353,LAI
354,JOE
355,ALLAN
356,ROMEO
357,CARMAN
358,CARLOS
359,STEPHEN
360,HAILEY
361,ANDRES
362,DOMINGO
363,RODERICK
364,GERARD
365,BERTRAM
366,HUBERT
367,DONNELL
368,SALLEY
369,DORRIS
370,KAYE
371,ESTRELLA
372,LEROY
373,CANDELARIA
374,SOMMER
375,SENA
376,GRACIA
377,GERALD
378,VICTOR
379,BLAINE
380,JOSE
381,ARCHIE
382,ANTONIO
383,LUCIANO
384,GAYLORD
385,BLYTHE
386,MAURO
387,SIMONE
388,CHAU
389,ANTOINE
390,RAYFORD
391,DAMON
392,ANDRE
393,ALFRED
394,RUPERT
395,NATHAN
396,LEVI
397,ALFONSO
398,WILBER
399,ROGER
400,LANDON
401,ANGELO
402,AHMAD
403,SHELLY
404,LUIS
405,REY
406,FREDRICK
407,SEBASTIAN
408,DIONNE
409,TRACEY
410,SILAS
411,COLLETTE
412,SAUL
413,PHILLIP
414,DEANE
415,GAYLE
416,JAIME
417,MITCHEL
418,JEROME
419,CLEMENTE
420,WILLIE
421,RAE
422,ALTON
423,LUCIO
424,KARL
425,DESMOND
426,LAMONT
427,RUDY
428,MARTY
429,JUDY
430,DENIS
431,JONAS
432,COLTON
433,ZACHARY
434,TRUMAN
435,EVERETTE
436,BYRON
437,MATHEW
438,ROYCE
439,ERNEST
440,PETE
441,MALIK
442,EMORY
443,CORLISS
444,ELMER
445,HAROLD
446,ANNIS
447,ABRAM
448,TRINH
449,BRETT
450,PENNEY
451,EDISON
452,ALEJANDRO
453,CORY
454,RUSSEL
455,PERCY
456,MIGUEL
457,CHING
458,SU
459,LOUIE
460,ELWOOD
461,CLAUDIO
462,ROCCO
463,ADRIAN
464,SYLVIA
465,BERNARDO
466,JORGE
467,GARFIELD
468,SALVATORE
469,PEDRO
470,TIFFANY
471,LUCIA
472,REX
473,LILLIE
474,JONE
475,HASSAN
476,CARROL
477,DEANGELO
478,BRIAN
479,MICKEY
480,JESSIE
481,NOAH
482,STEVEN
483,SHANE
484,ROSCOE
485,ROCHELLE
486,FEDERICO
487,KIMBER
488,STEPHAN
489,PHILIP
490,MOHAMMED
491,GARTH
492,LENARD
493,JUAN
494,NICOLAS
495,ANTON
496,MAI
497,CLYDE
498,WILLETTE
499,JAVIER
500,WALDO
501,MALCOM
502,ENOCH
503,VIRGIL
504,SCARLETT
505,MAURICE
506,KEELEY
507,ALDEN
508,MOHAMED
509,NATIVIDAD
510,LAINE
511,BRYCE
512,TOMAS
513,SON
514,BROOKE
515,MARKUS
516,LAVELLE
517,JESSE
518,SANTO
519,LEONARDO
520,HALLEY
521,YAN
522,RANDELL
523,MICHELL
524,CHARLEY
525,BELLE
526,ALEX
527,OLIN
528,CLAIR
529,MARIANO
530,DUSTIN
531,DIEGO
532,VIOLETTE
533,STELLA
534,CLARE
535,ALVA
536,PASQUALE
537,NICOL
538,MILFORD
539,MAYE
540,LELAND
541,CARLEY
542,CYRUS
543,ZACK
544,MACY
545,COLLIN
546,COLIN
547,AUBREY
548,VELLA
549,FELIPE
550,WENDELL
551,MAXIE
552,GARRY
553,NORMAND
554,ARNETTE
555,TU
556,MARTI
557,EVAN
558,YUN
559,WILFORD
560,SIU
561,RODNEY
562,CELESTINE
563,MAURICIO
564,JULIUS
565,RAPHAEL
566,JIM
567,DANN
568,ALEXIS
569,GUADALUPE
570,CARLO
571,EMMETT
572,SHERRELL
573,GRANVILLE
574,NICHOL
575,DELIA
576,AUGUSTUS
577,THEODORE
578,QUINTON
579,TANDY
580,MARTINE
581,JUDSON
582,FERNANDO
583,ROLF
584,GREGORIO
585,GLORIA
586,GERRY
587,YUNG
588,WOODROW
589,LAURENCE
590,AGUSTIN
591,ELBERT
592,ALBERTO
593,DAMIAN
594,RUBEN
595,JACINTO
596,HUI
597,GUILLERMO
598,ROBERTO
599,JENNETTE
600,FRED
601,VICENTE
602,CARMON
603,CARMEN
604,ARLINE
605,ROLLAND
606,ZACHERY
607,MARCO
608,LESLEY
609,CHARLIE
610,IGNACIO
611,SETH
612,PABLO
613,MARCY
614,DANNA
615,BART
616,ARON
617,ANDREAS
618,LORA
619,LAZARO
620,ESTEBAN
621,DAN
622,ARMAND
623,ANTONE
624,REINA
625,MARCOS
626,VIVIAN
627,SIDNEY
628,ISABELL
629,HOLLIE
630,GILLIAN
631,PHUNG
632,OMAR
633,NATHANIEL
634,MIKEL
635,LAWERENCE
636,RODGER
637,POLLY
638,LAURIE
639,JESUS
640,FREDA
641,ELTON
642,BARBARA
643,ABE
644,LADY
645,JAYNE
646,DIANA
647,TYRELL
648,FELICE
649,NELL
650,LUCIEN
651,JANIS
652,FERMIN
653,EMMANUEL
654,BORIS
655,ARDEN
656,AMADO
657,ALLIE
658,WILBERT
659,OLLIE
660,MARIE
661,DANE
662,ROSAMOND
663,BLANCHE
664,YONG
665,XAVIER
666,PATTI
667,JOSLYN
668,JERRY
669,CESAR
670,SHARON
671,RACHEL
672,MARY
673,JIN
674,EVELYN
675,EDDIE
676,MUI
677,MARCELLUS
678,JUSTIN
679,HORACE
680,FLOR
681,ELIA
682,RENE
683,RACHAL
684,DARRELL
685,BETTY
686,BARBERA
687,JULES
688,GABRIELE
689,ADAN
690,JO
691,AVIS
692,AMY
693,RICARDO
694,HUGO
695,EDIE
696,DARCY
697,BARRIE
698,VITO
699,MATTIE
700,KERRY
701,ZANE
702,WILMER
703,VINCE
704,MERIDETH
705,KIMBERLY
706,KAM
707,INGE
708,CLAUDE
709,BRENTON
710,ARDIS
711,QUINCY
712,HUGH
713,VIRGEN
714,RAFAEL
715,MONTY
716,MOHAMMAD
717,KEELY
718,ISSAC
719,HARLAND
720,CRISTOBAL
721,CHERY
722,ROOSEVELT
723,RENDA
724,MYRON
725,MOSE
726,JARED
727,DWIGHT
728,BERTA
729,BELLA
730,VIDA
731,RUFUS
732,NICOLA
733,NAM
734,KENNA
735,HILARIO
736,ESTELL
737,PAM
738,OREN
739,NIDA
740,MARTINA
741,LUZ
742,JASMIN
743,BILLIE
744,RITA
745,LYDA
746,LUCIUS
747,LINSEY
748,JANELLE
749,EUSEBIO
750,VITA
751,SHERRON
752,EDWIN
753,ADOLPH
754,ABDUL
755,RONALD
756,NED
757,JESS
758,ISABEL
759,HEIDE
760,CONSTANCE
761,JAMAR
762,GRAIG
763,ESTELLE
764,STEVE
765,SOO
766,KURT
767,ISABELLE
768,CLAIRE
769,BENITO
770,WINNIE
771,FERDINAND
772,DAVE
773,MIKA
774,MAE
775,BOBBY
776,TYRA
777,MURIEL
778,LOU
779,JULIA
780,JAMAL
781,ISREAL
782,INES
783,FONDA
784,FARAH
785,BERT
786,ALIX
787,WINFORD
788,STEFAN
789,HYUN
790,GOLDIE
791,ESPERANZA
792,DOROTHY
793,DORIA
794,ALLYN
795,TENA
796,RUDOLF
797,MICHEAL
798,LONA
799,LISA
800,JERRELL
801,GERARDO
802,DUANE
803,COLETTA
804,CHRISTINA
805,CHAE
806,BRIDGETT
807,ALVIN
808,PERLA
809,MICHELLE
810,MARTH
811,MADONNA
812,JOYE
813,GRACIE
814,FAYE
815,ALMEDA
816,ADDIE
817,RHETT
818,PAULETTE
819,ODA
820,NERY
821,MARCELINO
822,MAIRE
823,KENDRA
824,JONG
825,JOAQUIN
826,FREDERIC
827,EMILY
828,ELVIRA
829,CHRISTINE
830,BRADLY
831,BEA
832,YING
833,SHAWN
834,PHILLIS
835,MONICA
836,MAGDA
837,LEANDRO
838,KARY
839,JEFF
840,GREG
841,GAIL
842,ELVIN
843,DORA
844,AUDIE
845,RUBI
846,ROLANDO
847,MARIETTA
848,JOESPH
849,ELLEN
850,DINO
851,DEVIN
852,DENISE
853,CALANDRA
854,BRANDI
855,ANDREA
856,ALEXANDRA
857,ALAN
858,RETA
859,PAULA
860,PATRICIA
861,MODESTO
862,MALIA
863,KEENA
864,JULIO
865,JEN
866,HILLARY
867,HELLEN
868,GERMAINE
869,GENNA
870,FARRAH
871,DENA
872,DANIELE
873,CLARA
874,CHIA
875,CHAUNCEY
876,CARYL
877,CAMILLE
878,ROCHELL
879,RENNA
880,MARCELLA
881,LINWOOD
882,LINDA
883,KENTON
884,FAUSTO
885,ERICK
886,DELISA
887,BRYON
888,VINA
889,VERNA
890,TERRA
891,STEFANI
892,RODRICK
893,RIVA
894,RAYE
895,KARI
896,KAI
897,JANEY
898,ISA
899,FLORENTINO
900,ELZA
901,EDMUND
902,BLANCA
903,ANN
904,ALPHONSE
905,TIEN
906,SHIRA
907,SERGIO
908,SCOT
909,RHODA
910,MOISES
911,MITCH
912,MABLE
913,LYN
914,LIZ
915,LAMONICA
916,HILDE
917,GLADYS
918,DONA
919,DEVORA
920,COLLEN
921,ZOLA
922,XIAO
923,VALERY
924,VAL
925,TINA
926,RAYMUNDO
927,NOREEN
928,NORA
929,MYUNG
930,MARCIA
931,LUE
932,JOYA
933,FRANKLYN
934,EUNICE
935,EMMA
936,DOMINIC
937,CHANDRA
938,CATALINA
939,CARLEE
940,BRENNA
941,BRANDEN
942,BERTHA
943,ANDREE
944,TERRANCE
945,SHERLEY
946,SARAH
947,SANDA
948,MARIO
949,KASEY
950,KAROL
951,IKE
952,GALEN
953,DINA
954,DEMARCUS
955,DELAINE
956,CHRIS
957,CELIA
958,CELESTE
959,AURELIO
960,ARMANDO
961,VIRGILIO
962,STEPHANIE
963,SANDRA
964,RANDAL
965,LINA
966,ISABELLA
967,GAYE
968,EVA
969,EMMITT
970,ELI
971,DEDE
972,DARRIN
973,CHRISTIANA
974,CATHY
975,CARRIE
976,BETHANY
977,ANDY
978,ALMA
979,ALBERTINE
980,AGNES
981,SALLIE
982,ROSIE
983,ROBBIN
984,RANDA
985,OMER
986,ODETTE
987,MONSERRATE
988,MIRA
989,LEN
990,LANA
991,LALA
992,JAYE
993,JAME
994,GIOVANNI
995,EUGENIO
996,ENRIQUE
997,DOMINQUE
998,CHARLETTE
999,CARLI
1000,ANNETT
1001,ANASTASIA
1002,ALICE
1003,ADELL
1004,WAI
1005,VANETTA
1006,TYRONE
1007,TERESA
1008,STEPHANY
1009,SHON
1010,OLEN
1011,NOLA
1012,NICOLE
1013,MERVIN
1014,MARTA
1015,MAIDA
1016,LILLA
1017,LAUREN
1018,KIZZIE
1019,KENNETH
1020,IVAN
1021,INA
1022,HOBERT
1023,HIPOLITO
1024,FLORIA
1025,ERICH
1026,DANIAL
1027,DAINE
1028,CRISTY
1029,CATERINA
1030,BELEN
1031,AMPARO
1032,AMIE
1033,TIM
1034,STAN
1035,ROCHEL
1036,RENEE
1037,MARGO
1038,LYNNE
1039,LOTTIE
1040,LORETTE
1041,LEIF
1042,KATE
1043,JAYSON
1044,EMILIO
1045,EDRIS
1046,DANTE
1047,CARLINE
1048,CAREN
1049,BERNA
1050,ADRIEN
1051,WILLY
1052,TREVOR
1053,TILLIE
1054,SOMER
1055,SOCORRO
1056,SHARRON
1057,ROSETTA
1058,REGINE
1059,RASHAD
1060,QUINTIN
1061,PATSY
1062,MILA
1063,MARANDA
1064,LURA
1065,LILLIAN
1066,LIA
1067,KARREN
1068,KARA
1069,KALEY
1070,JERALD
1071,FAUSTINO
1072,EVON
1073,EDUARDO
1074,DORIAN
1075,DONNA
1076,DONN
1077,DARIO
1078,CORNELIA
1079,CARMEL
1080,BUFFY
1081,BIANCA
1082,BARBAR
1083,ALPHONSO
1084,ALICIA
1085,ALFONZO
1086,AJA
1087,VALERIE
1088,SHERILL
1089,SHANON
1090,SHA
1091,SADE
1092,SABINA
1093,POK
1094,PATTIE
1095,MOZELL
1096,MAXIMO
1097,MALENA
1098,MAGAN
1099,LOUISE
1100,LEOTA
1101,KORY
1102,JENNIFER
1103,JEFFRY
1104,JANICE
1105,HAI
1106,GLENNA
1107,GLADY
1108,ELDEN
1109,DELENA
1110,ANTONY
1111,ANTONIA
1112,ALISON
1113,WILFRED
1114,SHU
1115,PETRINA
1116,PENNIE
1117,MYRA
1118,MINNIE
1119,MICHELE
1120,MEGAN
1121,MARLO
1122,LYNDON
1123,LOVIE
1124,KYUNG
1125,KOREY
1126,KIRSTEN
1127,JOSIAH
1128,ISMAEL
1129,HYON
1130,FRANCESCO
1131,ELMO
1132,DERICK
1133,DEON
1134,DELMAR
1135,DARIUS
1136,DAISEY
1137,CRISTINA
1138,CLINT
1139,CASSI
1140,CARIE
1141,ARRON
1142,AFTON
1143,VALERI
1144,TY
1145,ROSENDO
1146,RAYNA
1147,RAINA
1148,PAULINA
1149,NICHOLE
1150,MERIDITH
1151,MARSHA
1152,MANDY
1153,LEONOR
1154,KARRY
1155,JEANNETTE
1156,JANE
1157,HOA
1158,HARRIET
1159,GREGORIA
1160,FLORINE
1161,ELLIE
1162,DELBERT
1163,DANIELLE
1164,DANI
1165,CHRISTIN
1166,CASSEY
1167,AVRIL
1168,ANGELINE
1169,ANDERA
1170,ALDO
1171,ZANA
1172,WILDA
1173,VINCENZO
1174,TOYA
1175,TORRI
1176,TOMMIE
1177,THERESA
1178,TANNA
1179,SUK
1180,SONNY
1181,SINA
1182,SHERRIL
1183,SHALA
1184,SCOTTY
1185,SARA
1186,SALOME
1187,RONDA
1188,ROBERTA
1189,RETTA
1190,RENA
1191,PATRICE
1192,NICOLETTE
1193,NICKOLAS
1194,MERNA
1195,MARTHA
1196,MARGARET
1197,LOURA
1198,LOREN
1199,LOLA
1200,LEOPOLDO
1201,LATINA
1202,KRISTIN
1203,KALA
1204,JENNIE
1205,JANISE
1206,ISIDRO
1207,IRENE
1208,ILLA
1209,IDELL
1210,FRANKIE
1211,EUN
1212,ELOY
1213,DENEEN
1214,DELLA
1215,CATHIE
1216,CALEB
1217,BRIDGETTE
1218,BREE
1219,BO
1220,BLONDELL
1221,ANNE
1222,ADOLFO
1223,ABBY
1224,WILLIAN
1225,VERNIA
1226,VERDELL
1227,TYRON
1228,THI
1229,TENNILLE
1230,SONIA
1231,SHANNA
1232,SHANI
1233,SERENA
1234,RACHELL
1235,OLIVIA
1236,NITA
1237,MILLY
1238,MILLIE
1239,MICHA
1240,MARCI
1241,MARCELLE
1242,MANA
1243,MALLIE
1244,MABEL
1245,LAURI
1246,LANI
1247,KRISTEN
1248,KEVIN
1249,KELLIE
1250,JULIET
1251,JOHNNY
1252,JENIFER
1253,JAYME
1254,HARRIETT
1255,GERALDO
1256,ERIN
1257,ELIZABETH
1258,ELENA
1259,DELOIS
1260,DAMIEN
1261,CONNIE
1262,COLLEEN
1263,CHRISTEL
1264,CARMELLA
1265,BULA
1266,BRENDON
1267,BERTIE
1268,BARBIE
1269,AURELIA
1270,ASA
1271,ARIEL
1272,ANTIONE
1273,ANDRA
1274,ALVARO
1275,ZELLA
1276,WINFRED
1277,WANDA
1278,VALRIE
1279,TORRIE
1280,TERRI
1281,SUSANA
1282,SKYE
1283,SHAYNE
1284,SANDI
1285,ROSELLA
1286,RODRIGO
1287,RICKIE
1288,RAMIRO
1289,PEARLE
1290,NANNIE
1291,MONET
1292,MAREN
1293,MAGGIE
1294,MACIE
1295,LORNA
1296,LORI
1297,LEONA
1298,LELAH
1299,LAVERN
1300,LARONDA
1301,LARITA
1302,KYM
1303,KURTIS
1304,KRISTY
1305,KARIN
1306,JUSTINE
1307,JOLIE
1308,JANN
1309,JAMIE
1310,HILDRED
1311,HERSCHEL
1312,GOLDA
1313,GENA
1314,FLORENCIO
1315,FLO
1316,FIDEL
1317,ERNESTO
1318,DONNIE
1319,DOMINGA
1320,DOLORES
1321,DELPHIA
1322,DEL
1323,DARCEY
1324,DANNY
1325,CECILIA
1326,CASSANDRA
1327,CAROLIN
1328,CARIN
1329,BRINDA
1330,BOK
1331,BERNADETTE
1332,BECKY
1333,ASLEY
1334,ANGLEA
1335,ANGELA
1336,ALLEGRA
1337,ZACHARIAH
1338,YUK
1339,WILLIEMAE
1340,WILLIA
1341,TRISH
1342,TORY
1343,TONI
1344,TISA
1345,THEO
1346,TERRENCE
1347,SUSAN
1348,SHAE
1349,SEAN
1350,SAU
1351,RUBIE
1352,ROSSIE
1353,RONNIE
1354,RONA
1355,ROBYN
1356,ROBBIE
1357,RINA
1358,RAQUEL
1359,ORA
1360,ONA
1361,NATALIE
1362,NATALIA
1363,NAOMI
1364,NADINE
1365,MIQUEL
1366,MICHAL
1367,MARLENE
1368,MARGOT
1369,MAILE
1370,LUCI
1371,LOIS
1372,LENNY
1373,LEAH
1374,LAVON
1375,LAVINA
1376,LAVETTE
1377,LAVERNE
1378,KRYSTAL
1379,KERI
1380,KAREEM
1381,KANDRA
1382,JOSEF
1383,JILL
1384,JEANE
1385,JACQUE
1386,ILSE
1387,HILDA
1388,HEIDI
1389,GENIA
1390,ESTELLA
1391,ELKE
1392,ELIJAH
1393,DORIE
1394,DORCAS
1395,DELANA
1396,DARRON
1397,DARON
1398,DARIA
1399,COREEN
1400,CONSUELO
1401,CHRYSTAL
1402,CHRISTI
1403,CATHERINE
1404,CARA
1405,BUDDY
1406,BRUNA
1407,BONITA
1408,BEULAH
1409,BERNICE
1410,ASHELY
1411,ARTURO
1412,ARLEN
1413,ARIE
1414,ANNETTE
1415,ANIBAL
1416,AGUEDA
1417,ZONIA
1418,ZITA
1419,ZENA
1420,YUKI
1421,WENDY
1422,WALLY
1423,VIRGIE
1424,VICKEY
1425,VALORIE
1426,VALLIE
1427,TISH
1428,TESS
1429,TERI
1430,TEODORO
1431,TEGAN
1432,TAMI
1433,SAMANTHA
1434,REYNALDO
1435,RAUL
1436,PHUONG
1437,PATRIA
1438,PAOLA
1439,OSVALDO
1440,NILA
1441,MILDRED
1442,MELLIE
1443,MAURA
1444,MAUD
1445,MANDI
1446,MADGE
1447,LUCIE
1448,LOURDES
1449,LORIA
1450,LORAINE
1451,LOMA
1452,LETA
1453,LESA
1454,LAURETTA
1455,LANIE
1456,KUM
1457,KRISTAN
1458,KRAIG
1459,KATIE
1460,KATHLEEN
1461,JULIANA
1462,JUDIE
1463,JOLINE
1464,JODY
1465,JESSICA
1466,JEANETTE
1467,JANA
1468,JAMI
1469,JAMEL
1470,JAE
1471,JACQUELIN
1472,HERTA
1473,HALLIE
1474,HAL
1475,GWENN
1476,GEORGIANA
1477,GEOFFREY
1478,FREDRIC
1479,FRANCOISE
1480,FLORANCE
1481,FELIPA
1482,EVELINE
1483,ETHEL
1484,ESTELA
1485,ELSA
1486,ELROY
1487,ELLENA
1488,ELISEO
1489,EDITH
1490,DENNA
1491,DENICE
1492,DEJA
1493,DEANNE
1494,DALENE
1495,CLAUD
1496,CHRISTAL
1497,CHET
1498,CHERRIE
1499,CHARISSE
1500,CHANEL
1501,BUENA
1502,BRIDGET
1503,BRENDA
1504,BEAU
1505,AUDREY
1506,ASHLY
1507,ANNABEL
1508,ALFREDO
1509,MARY
1510,PATRICIA
1511,LINDA
1512,BARBARA
1513,ELIZABETH
1514,JENNIFER
1515,SUSAN
1516,MARGARET
1517,DOROTHY
1518,LISA
1519,BETTY
1520,SANDRA
1521,DONNA
1522,SHARON
1523,MICHELLE
1524,SARAH
1525,KIMBERLY
1526,DEBORAH
1527,JESSICA
1528,SHIRLEY
1529,ANGELA
1530,BRENDA
1531,AMY
1532,REBECCA
1533,KATHLEEN
1534,PAMELA
1535,MARTHA
1536,DEBRA
1537,AMANDA
1538,STEPHANIE
1539,CAROLYN
1540,CHRISTINE
1541,MARIE
1542,JANET
1543,CATHERINE
1544,ANN
1545,JOYCE
1546,DIANE
1547,ALICE
1548,JULIE
1549,TERESA
1550,GLORIA
1551,EVELYN
1552,CHERYL
1553,MILDRED
1554,KATHERINE
1555,JOAN
1556,ASHLEY
1557,JANICE
1558,KELLY
1559,NICOLE
1560,JUDY
1561,CHRISTINA
1562,KATHY
1563,THERESA
1564,BEVERLY
1565,DENISE
1566,IRENE
1567,JANE
1568,LORI
1569,RACHEL
1570,MARILYN
1571,ANDREA
1572,KATHRYN
1573,LOUISE
1574,SARA
1575,ANNE
1576,JACQUELINE
1577,WANDA
1578,JULIA
1579,LOIS
1580,TINA
1581,PHYLLIS
1582,PAULA
1583,DIANA
1584,ANNIE
1585,LILLIAN
1586,EMILY
1587,PEGGY
1588,GLADYS
1589,RITA
1590,CONNIE
1591,TRACY
1592,EDNA
1593,TIFFANY
1594,CARMEN
1595,CINDY
1596,WENDY
1597,EDITH
1598,KIM
1599,SYLVIA
1600,JOSEPHINE
1601,THELMA
1602,SHANNON
1603,SHEILA
1604,ETHEL
1605,ELLEN
1606,ELAINE
1607,MARJORIE
1608,CARRIE
1609,MONICA
1610,EMMA
1611,JUANITA
1612,ANITA
1613,RHONDA
1614,EVA
1615,DEBBIE
1616,LESLIE
1617,CLARA
1618,LUCILLE
1619,JAMIE
1620,JOANNE
1621,ELEANOR
1622,VALERIE
1623,DANIELLE
1624,MEGAN
1625,ALICIA
1626,SUZANNE
1627,MICHELE
1628,GAIL
1629,BERTHA
1630,DARLENE
1631,JILL
1632,ERIN
1633,GERALDINE
1634,LAUREN
1635,CATHY
1636,JOANN
1637,LYNN
1638,DOLORES
1639,BERNICE
1640,AUDREY
1641,YVONNE
1642,ANNETTE
1643,SAMANTHA
1644,MARION
1645,STACY
1646,RENEE
1647,VIVIAN
1648,ROBERTA
1649,MELANIE
1650,LORETTA
1651,YOLANDA
1652,JEANETTE
1653,LAURIE
1654,KATIE
1655,KRISTEN
1656,ALMA
1657,ELSIE
1658,JEANNE
1659,VICKI
1660,CARLA
1661,EILEEN
1662,TERRI
1663,GERTRUDE
1664,TONYA
1665,ELLA
1666,STACEY
1667,WILMA
1668,GINA
1669,KRISTIN
1670,JESSIE
1671,NATALIE
1672,AGNES
1673,VERA
1674,WILLIE
1675,CHARLENE
1676,BESSIE
1677,DELORES
1678,MELINDA
1679,ARLENE
1680,MAUREEN
1681,COLLEEN
1682,ALLISON
1683,TAMARA
1684,CONSTANCE
1685,LILLIE
1686,CLAUDIA
1687,JACKIE
1688,MARCIA
1689,TANYA
1690,NELLIE
1691,MINNIE
1692,MARLENE
1693,HEIDI
1694,GLENDA
1695,COURTNEY
1696,STELLA
1697,DORA
1698,JO
1699,VICKIE
1700,MATTIE
1701,MAXINE
1702,IRMA
1703,MABEL
1704,MARSHA
1705,CHRISTY
1706,DEANNA
1707,PATSY
1708,HILDA
1709,GWENDOLYN
1710,JENNIE
1711,NORA
1712,MARGIE
1713,CASSANDRA
1714,LEAH
1715,KAY
1716,PRISCILLA
1717,NAOMI
1718,CAROLE
1719,OLGA
1720,BILLIE
1721,DIANNE
1722,TRACEY
1723,LEONA
1724,SONIA
1725,MIRIAM
1726,VELMA
1727,BECKY
1728,BOBBIE
1729,KRISTINA
1730,TONI
1731,MAE
1732,SHELLY
1733,SHERRI
1734,ERIKA
1735,KATRINA
1736,CLAIRE
1737,LINDSEY
1738,LINDSAY
1739,GUADALUPE
1740,BELINDA
1741,SHERYL
1742,FAYE
1743,NATASHA
1744,SABRINA
1745,ISABEL
1746,HATTIE
1747,HARRIET
1748,CECILIA
1749,KRISTI
1750,BRANDI
1751,BLANCHE
1752,ROSIE
1753,JOANNA
1754,EUNICE
1755,ANGIE
1756,INEZ
1757,LYNDA
1758,MADELINE
1759,GENEVIEVE
1760,MONIQUE
1761,JODI
1762,JANIE
1763,MAGGIE
1764,KAYLA
1765,SONYA
1766,KRISTINE
1767,CANDACE
1768,FANNIE
1769,MARYANN
1770,ALISON
1771,YVETTE
1772,LUZ
1773,SUSIE
1774,OLIVIA
1775,SHELLEY
1776,KRISTY
1777,MAMIE
1778,LULA
1779,LOLA
1780,VERNA
1781,BEULAH
1782,ANTOINETTE
1783,CANDICE
1784,JUANA
1785,JEANNETTE
1786,PAM
1787,KELLI
1788,HANNAH
1789,BRIDGET
1790,KARLA
1791,CELIA
1792,LATOYA
1793,SHELIA
1794,GAYLE
1795,DELLA
1796,VICKY
1797,LYNNE
1798,SHERI
1799,MARIANNE
1800,KARA
1801,JACQUELYN
1802,ERMA
1803,BLANCA
1804,MYRA
1805,KRISTA
1806,ROXANNE
1807,JOHNNIE
1808,ROBYN
1809,FRANCIS
1810,ADRIENNE
1811,ROSALIE
1812,ALEXANDRA
1813,BROOKE
1814,BETHANY
1815,SADIE
1816,BERNADETTE
1817,TRACI
1818,JODY
1819,KENDRA
1820,NICHOLE
1821,RACHAEL
1822,CHELSEA
1823,MABLE
1824,ERNESTINE
1825,MURIEL
1826,MARCELLA
1827,ELENA
1828,KRYSTAL
1829,ANGELINA
1830,NADINE
1831,KARI
1832,ESTELLE
1833,DIANNA
1834,PAULETTE
1835,LORA
1836,DOREEN
1837,ROSEMARIE
1838,ANTONIA
1839,JANIS
1840,BETSY
1841,CHRISTIE
1842,FREDA
1843,MEREDITH
1844,LYNETTE
1845,TERI
1846,CRISTINA
1847,EULA
1848,LEIGH
1849,MEGHAN
1850,SOPHIA
1851,ELOISE
1852,ROCHELLE
1853,GRETCHEN
1854,CECELIA
1855,RAQUEL
1856,HENRIETTA
1857,ALYSSA
1858,JANA
1859,KELLEY
1860,GWEN
1861,KERRY
1862,JENNA
1863,TRICIA
1864,LAVERNE
1865,ALEXIS
1866,TASHA
1867,ELVIRA
1868,CASEY
1869,DELIA
1870,SOPHIE
1871,KATE
1872,PATTI
1873,LORENA
1874,KELLIE
1875,SONJA
1876,LILA
1877,LANA
1878,DARLA
1879,MINDY
1880,ESSIE
1881,MANDY
1882,LORENE
1883,ELSA
1884,JOSEFINA
1885,JEANNIE
1886,MIRANDA
1887,LUCIA
1888,MARTA
1889,LELA
1890,JOHANNA
1891,CAMILLE
1892,TAMI
1893,SHAWNA
1894,MELBA
1895,ORA
1896,NETTIE
1897,TABITHA
1898,OLLIE
1899,JAIME
1900,WINIFRED
1901,KRISTIE
1902,ALISHA
1903,AIMEE
1904,RENA
1905,MYRNA
1906,MARLA
1907,TAMMIE
1908,LATASHA
1909,BONITA
1910,PATRICE
1911,RONDA
1912,SHERRIE
1913,ADDIE
1914,FRANCINE
1915,DELORIS
1916,STACIE
1917,ADRIANA
1918,CHERI
1919,SHELBY
1920,ABIGAIL
1921,CELESTE
1922,CARA
1923,ADELE
1924,REBEKAH
1925,LUCINDA
1926,DORTHY
1927,CHRIS
1928,EFFIE
1929,TRINA
1930,REBA
1931,SHAWN
1932,SALLIE
1933,LENORA
1934,ETTA
1935,LOTTIE
1936,KERRI
1937,TRISHA
1938,NIKKI
1939,ESTELLA
1940,FRANCISCA
1941,JOSIE
1942,TRACIE
1943,MARISSA
1944,KARIN
1945,BRITTNEY
1946,JANELLE
1947,LOURDES
1948,HELENE
1949,ELVA
1950,CORINNE
1951,KELSEY
1952,INA
1953,BETTIE
1954,ELISABETH
1955,AIDA
1956,CAITLIN
1957,INGRID
1958,CHRISTA
1959,GOLDIE
1960,MAUDE
1961,JENIFER
1962,THERESE
1963,FRANKIE
1964,DENA
1965,LORNA
1966,JANETTE
1967,LATONYA
1968,CONSUELO
1969,TAMIKA
1970,ROSETTA
1971,DEBORA
1972,CHERIE
1973,POLLY
1974,DINA
1975,FAY
1976,JILLIAN
1977,DOROTHEA
1978,NELL
1979,TRUDY
1980,ESPERANZA
1981,PATRICA
1982,SHANNA
1983,CLEO
1984,STEFANIE
1985,JANINE
1986,LUPE
1987,ALISA
1988,LOU
1989,MARIBEL
1990,SUSANNE
1991,BETTE
1992,SUSANA
1993,ELISE
1994,CECILE
1995,ISABELLE
1996,LESLEY
1997,JOCELYN
1998,PAIGE
1999,JONI
2000,RACHELLE
2001,LEOLA
2002,ALTA
2003,PETRA
2004,GRACIELA
2005,IMOGENE
2006,JOLENE
2007,KEISHA
2008,LACEY
2009,GLENNA
2010,GABRIELA
2011,KERI
2012,URSULA
2013,LIZZIE
2014,KIRSTEN
2015,SHANA
2016,ADELINE
2017,MAYRA
2018,JAYNE
2019,JACLYN
2020,GRACIE
2021,SONDRA
2022,CARMELA
2023,MARISA
2024,ROSALIND
2025,TONIA
2026,BEATRIZ
2027,MARISOL
2028,CLARICE
2029,JEANINE
2030,SHEENA
2031,ANGELINE
2032,FRIEDA
2033,ROBBIE
2034,SHAUNA
2035,MILLIE
2036,CLAUDETTE
2037,CATHLEEN
2038,ANGELIA
2039,GABRIELLE
2040,KATHARINE
2041,JODIE
2042,STACI
2043,CHRISTI
2044,JIMMIE
2045,JUSTINE
2046,ELMA
2047,LUELLA
2048,MARGRET
2049,SOCORRO
2050,RENE
2051,MARTINA
2052,MARGO
2053,CALLIE
2054,BOBBI
2055,MARITZA
2056,LUCILE
2057,LEANNE
2058,JEANNINE
2059,DEANA
2060,AILEEN
2061,LORIE
2062,LADONNA
2063,WILLA
2064,MANUELA
2065,SYBIL
2066,ABBY
2067,LARA
2068,WINNIE
2069,MARCY
2070,LUISA
2071,JERI
2072,OFELIA
2073,MEAGAN
2074,AUDRA
2075,MATILDA
2076,LEILA
2077,CORNELIA
2078,BIANCA
2079,SIMONE
2080,BETTYE
2081,RANDI
2082,VIRGIE
2083,LATISHA
2084,BARBRA
2085,GEORGINA
2086,ELIZA
2087,LEANN
2088,BRIDGETTE
2089,RHODA
2090,HALEY
2091,ADELA
2092,NOLA
2093,BERNADINE
2094,FLOSSIE
2095,ILA
2096,GRETA
2097,RUTHIE
2098,NELDA
2099,LILLY
2100,TERRIE
2101,LETHA
2102,HILARY
2103,ESTELA
2104,VALARIE
2105,BRIANNA
2106,ROSALYN
2107,EARLINE
2108,CATALINA
2109,AVA
2110,MIA
2111,CLARISSA
2112,LIDIA
2113,CORRINE
2114,SHARRON
2115,RAE
2116,DONA
2117,ERICKA
2118,JAMI
2119,ELNORA
2120,CHANDRA
2121,LENORE
2122,MARYLOU
2123,MELISA
2124,TABATHA
2125,SERENA
2126,AVIS
2127,ALLIE
2128,JEANIE
2129,NANNIE
2130,HARRIETT
2131,LORAINE
2132,MILAGROS
2133,BENITA
2134,ALLYSON
2135,ASHLEE
2136,TANIA
2137,TOMMIE
2138,ESMERALDA
2139,KARINA
2140,PEARLIE
2141,ZELMA
2142,MALINDA
2143,NOREEN
2144,TAMEKA
2145,SAUNDRA
2146,HILLARY
2147,AMIE
2148,ROSALINDA
2149,LILIA
2150,ALANA
2151,CLARE
2152,ALEJANDRA
2153,ELINOR
2154,LORRIE
2155,JERRI
2156,DARCY
2157,EARNESTINE
2158,CARMELLA
2159,TAYLOR
2160,NOEMI
2161,MARCIE
2162,ANNABELLE
2163,LOUISA
2164,EARLENE
2165,MALLORY
2166,CARLENE
2167,NITA
2168,SELENA
2169,TANISHA
2170,KATY
2171,JULIANNE
2172,LAKISHA
2173,EDWINA
2174,MARICELA
2175,MARGERY
2176,DOLLIE
2177,ROXIE
2178,ROSLYN
2179,KATHRINE
2180,NANETTE
2181,CHARMAINE
2182,LAVONNE
2183,ILENE
2184,TAMMI
2185,SUZETTE
2186,CORINE
2187,KAYE
2188,JERRY
2189,CHRYSTAL
2190,LINA
2191,DEANNE
2192,LILIAN
2193,JULIANA
2194,LUANN
2195,KASEY
2196,MARYANNE
2197,EVANGELINE
2198,COLETTE
2199,MELVA
2200,LAWANDA
2201,YESENIA
2202,NADIA
2203,MADGE
2204,KATHIE
2205,EDDIE
2206,OPHELIA
2207,VALERIA
2208,MITZI
2209,CLAUDINE
2210,FRAN
2211,ALISSA
2212,ROSEANN
2213,LAKEISHA
2214,REVA
2215,DEIDRE
2216,CHASITY
2217,SHEREE
2218,CARLY
2219,ELVIA
2220,ALYCE
2221,DEIRDRE
2222,GENA
2223,BRIANA
2224,ARACELI
2225,KATELYN
2226,ROSANNE
2227,WENDI
2228,TESSA
2229,BERTA
2230,MARVA
2231,IMELDA
2232,MARIETTA
2233,MARCI
2234,LEONOR
2235,ARLINE
2236,SASHA
2237,MADELYN
2238,JANNA
2239,JULIETTE
2240,DEENA
2241,AURELIA
2242,JOSEFA
2243,LILIANA
2244,LESSIE
2245,AMALIA
2246,ANASTASIA
2247,VILMA
2248,NATALIA
2249,ROSELLA
2250,LYNNETTE
2251,CORINA
2252,ALFREDA
2253,LEANNA
2254,CAREY
2255,AMPARO
2256,COLEEN
2257,AISHA
2258,WILDA
2259,KARYN
2260,MAURA
2261,MAI
2262,EVANGELINA
2263,ROSANNA
2264,HALLIE
2265,ERNA
2266,MARIANA
2267,JULIET
2268,JACKLYN
2269,FREIDA
2270,MADELEINE
2271,HESTER
2272,CATHRYN
2273,LELIA
2274,CASANDRA
2275,BRIDGETT
2276,ANGELITA
2277,JANNIE
2278,DIONNE
2279,ANNMARIE
2280,KATINA
2281,MILLICENT
2282,KATHERYN
2283,DIANN
2284,MARYELLEN
2285,LIZ
2286,LAURI
2287,HELGA
2288,GILDA
2289,ADRIAN
2290,MARQUITA
2291,HOLLIE
2292,TISHA
2293,TAMERA
2294,FRANCESCA
2295,BRITNEY
2296,KAITLIN
2297,LOLITA
2298,FLORINE
2299,ROWENA
2300,REYNA
2301,TWILA
2302,JANELL
2303,INES
2304,CONCETTA
2305,BERTIE
2306,BRIGITTE
2307,ALYSON
2308,VONDA
2309,NOELLE
2310,LETITIA
2311,DEANN
2312,BRANDIE
2313,LOUELLA
2314,LETA
2315,FELECIA
2316,SHARLENE
2317,LESA
2318,ROBERT
2319,ISABELLA
2320,HERMINIA
2321,TERRA
2322,CELINA
2323,TORI
2324,OCTAVIA
2325,DENICE
2326,GERMAINE
2327,MICHELL
2328,CORTNEY
2329,NELLY
2330,DORETHA
2331,DEIDRA
2332,MONIKA
2333,LASHONDA
2334,JUDI
2335,CHELSEY
2336,ANTIONETTE
2337,MARGOT
2338,BOBBY
2339,LEEANN
2340,ELISHA
2341,DESSIE
2342,LIBBY
2343,KATHI
2344,GAYLA
2345,LATANYA
2346,MELLISA
2347,KIMBERLEE
2348,JASMIN
2349,RENAE
2350,ZELDA
2351,ELDA
2352,JUSTINA
2353,GUSSIE
2354,EMILIE
2355,CAMILLA
2356,ABBIE
2357,ROCIO
2358,KAITLYN
2359,JESSE
2360,EDYTHE
2361,ASHLEIGH
2362,SELINA
2363,LAKESHA
2364,GERI
2365,ALLENE
2366,PAMALA
2367,MICHAELA
2368,DAYNA
2369,CARYN
2370,ROSALIA
2371,JACQULINE
2372,REBECA
2373,MARYBETH
2374,KRYSTLE
2375,IOLA
2376,DOTTIE
2377,BELLE
2378,AUBREY
2379,GRISELDA
2380,ERNESTINA
2381,ELIDA
2382,ADRIANNE
2383,DEMETRIA
2384,DELMA
2385,CHONG
2386,JAQUELINE
2387,ARLEEN
2388,VIRGINA
2389,RETHA
2390,FATIMA
2391,TILLIE
2392,ELEANORE
2393,CARI
2394,TREVA
2395,WILHELMINA
2396,ROSALEE
2397,MAURINE
2398,LATRICE
2399,YONG
2400,TARYN
2401,ELIA
2402,DEBBY
2403,MAUDIE
2404,JEANNA
2405,DELILAH
2406,CATRINA
2407,SHONDA
2408,HORTENCIA
2409,THEODORA
2410,TERESITA
2411,ROBBIN
2412,DANETTE
2413,MARYJANE
2414,FREDDIE
2415,DELPHINE
2416,BRIANNE
2417,NILDA
2418,DANNA
2419,CINDI
2420,BESS
2421,IONA
2422,HANNA
2423,ARIEL
2424,WINONA
2425,VIDA
2426,MARIANNA
2427,WILLIAM
2428,RACHEAL
2429,GUILLERMINA
2430,ELOISA
2431,CELESTINE
2432,CAREN
2433,MALISSA
2434,LONA
2435,CHANTEL
2436,SHELLIE
2437,MARISELA
2438,LEORA
2439,AGATHA
2440,MIGDALIA
2441,IVETTE
2442,JANEL
2443,CHLOE
2444,PATTIE
2445,TESSIE
2446,MARILYNN
2447,LUCRETIA
2448,KARRIE
2449,DINAH
2450,DANIELA
2451,ALECIA
2452,ADELINA
2453,VERNICE
2454,SHIELA
2455,PORTIA
2456,LASHAWN
2457,DARA
2458,TAWANA
2459,OMA
2460,VERDA
2461,CHRISTIN
2462,ALENE
2463,ZELLA
2464,SANDI
2465,RAFAELA
2466,KIRA
2467,ALVINA
2468,SUZAN
2469,SHAYLA
2470,LYN
2471,LETTIE
2472,ALVA
2473,SAMATHA
2474,ORALIA
2475,MATILDE
2476,MADONNA
2477,LARISSA
2478,RENITA
2479,DELOIS
2480,SHANDA
2481,PHILLIS
2482,LORRI
2483,ERLINDA
2484,CRUZ
2485,CATHRINE
2486,ZOE
2487,ISABELL
2488,IONE
2489,GISELA
2490,CHARLIE
2491,ROXANNA
2492,MAYME
2493,KISHA
2494,ELLIE
2495,MELLISSA
2496,DORRIS
2497,DALIA
2498,BELLA
2499,ANNETTA
2500,ZOILA
2501,RETA
2502,REINA
2503,LAURETTA
2504,CHRISTAL
2505,CHARLA
2506,ELISSA
2507,TIFFANI
2508,TANA
2509,PAULINA
2510,LEOTA
2511,BREANNA
2512,JAYME
2513,CARMEL
2514,VERNELL
2515,TOMASA
2516,MANDI
2517,DOMINGA
2518,MELODIE
2519,LURA
2520,ALEXA
2521,TAMELA
2522,RYAN
2523,MIRNA
2524,KERRIE
2525,FELICITA
2526,CRISTY
2527,CARMELITA
2528,BERNIECE
2529,ANNEMARIE
2530,ROSEANNE
2531,MISSY
2532,CORI
2533,ROXANA
2534,PRICILLA
2535,KRISTAL
2536,JUNG
2537,ELYSE
2538,HAYDEE
2539,ALETHA
2540,BETTINA
2541,GILLIAN
2542,FILOMENA
2543,ZENAIDA
2544,HARRIETTE
2545,CARIDAD
2546,VADA
2547,UNA
2548,ARETHA
2549,PEARLINE
2550,MARJORY
2551,MARCELA
2552,FLOR
2553,EVETTE
2554,ELOUISE
2555,ALINA
2556,DAVID
2557,DAMARIS
2558,CATHARINE
2559,CARROLL
2560,BELVA
2561,NAKIA
2562,MARLENA
2563,LUANNE
2564,LORINE
2565,KARON
2566,DORENE
2567,DANITA
2568,BRENNA
2569,TATIANA
2570,SAMMIE
2571,LOUANN
2572,LOREN
2573,JULIANNA
2574,ANDRIA
2575,PHILOMENA
2576,LUCILA
2577,LEONORA
2578,DOVIE
2579,ROMONA
2580,MIMI
2581,JACQUELIN
2582,GAYE
2583,TONJA
2584,MISTI
2585,JOE
2586,STACIA
2587,ROXANN
2588,MICAELA
2589,NIKITA
2590,VELDA
2591,JOHNNA
2592,LAVERN
2593,IVONNE
2594,HAYLEY
2595,NICKI
2596,MAJORIE
2597,HERLINDA
2598,GEORGE
2599,YADIRA
2600,PERLA
2601,GREGORIA
2602,ANTONETTE
2603,SHELLI
2604,MOZELLE
2605,MARIAH
2606,JOELLE
2607,CORDELIA
2608,JOSETTE
2609,CHIQUITA
2610,TRISTA
2611,LOUIS
2612,LAQUITA
2613,GEORGIANA
2614,CANDI
2615,SHANON
2616,LONNIE
2617,HILDEGARD
2618,CECIL
2619,VALENTINA
2620,STEPHANY
2621,MAGDA
2622,KAROL
2623,GERRY
2624,GABRIELLA
2625,TIANA
2626,RICHELLE
2627,OLETA
2628,JACQUE
2629,IDELLA
2630,ALAINA
2631,SUZANNA
2632,JOVITA
2633,BLAIR
2634,TOSHA
2635,NEREIDA
2636,MARLYN
2637,KYLA
2638,JOSEPH
2639,DELFINA
2640,TENA
2641,STEPHENIE
2642,SABINA
2643,NATHALIE
2644,MARCELLE
2645,GERTIE
2646,DARLEEN
2647,SHARONDA
2648,SHANTEL
2649,BELEN
2650,VENESSA
2651,ROSALINA
2652,ONA
2653,GENOVEVA
2654,COREY
2655,ROSALBA
2656,RENATE
2657,RENATA
2658,GEORGIANNA
2659,FLOY
2660,DORCAS
2661,TYRA
2662,THEDA
2663,MARIAM
2664,JULI
2665,JESICA
2666,DONNIE
2667,VIKKI
2668,VERLA
2669,ROSELYN
2670,MELVINA
2671,JANNETTE
2672,GINNY
2673,DEBRAH
2674,VIOLETA
2675,MYRTIS
2676,LATRICIA
2677,COLLETTE
2678,CHARLEEN
2679,ANISSA
2680,VIVIANA
2681,TWYLA
2682,NEDRA
2683,LATONIA
2684,HELLEN
2685,FABIOLA
2686,ANNAMARIE
2687,ADELL
2688,SHARYN
2689,NIKI
2690,MAUD
2691,LIZETTE
2692,KIA
2693,KESHA
2694,JEANA
2695,DANELLE
2696,CHARLINE
2697,CHANEL
2698,CARROL
2699,VALORIE
2700,LIA
2701,DORTHA
2702,LEILANI
2703,GERRI
2704,DEBI
2705,ANDRA
2706,KESHIA
2707,IMA
2708,EULALIA
2709,DULCE
2710,NATIVIDAD
2711,LINNIE
2712,GEORGIE
2713,CATINA
2714,ALDA
2715,WINNIFRED
2716,SHARLA
2717,RUTHANN
2718,MEAGHAN
2719,MAGDALENE
2720,LISSETTE
2721,ADELAIDA
2722,VENITA
2723,TRENA
2724,SHIRLENE
2725,SHAMEKA
2726,ELIZEBETH
2727,DIAN
2728,SHANTA
2729,MICKEY
2730,LATOSHA
2731,CARLOTTA
2732,ROSINA
2733,MARIANN
2734,LEISA
2735,JONNIE
2736,DAWNA
2737,CATHIE
2738,ASTRID
2739,SIDNEY
2740,LAUREEN
2741,JANEEN
2742,HOLLI
2743,VICKEY
2744,TERESSA
2745,SHANTE
2746,RUBYE
2747,MARCELINA
2748,CHANDA
2749,CARY
2750,TERESE
2751,SCARLETT
2752,MARTY
2753,MARNIE
2754,LULU
2755,LISETTE
2756,JENIFFER
2757,ELENOR
2758,DORINDA
2759,DONITA
2760,CARMAN
2761,BERNITA
2762,ALTAGRACIA
2763,ALETA
2764,ADRIANNA
2765,ZORAIDA
2766,RONNIE
2767,NICOLA
2768,LYNDSEY
2769,JANINA
2770,CHRISSY
2771,AMI
2772,STARLA
2773,PHYLIS
2774,PHUONG
2775,KYRA
2776,CHARISSE
2777,SANJUANITA
2778,RONA
2779,NANCI
2780,MARILEE
2781,MARANDA
2782,CORY
2783,BRIGETTE
2784,SANJUANA
2785,MARITA
2786,KASSANDRA
2787,JOYCELYN
2788,FELIPA
2789,CHELSIE
2790,MIREYA
2791,LORENZA
2792,KYONG
2793,ILEANA
2794,CANDELARIA
2795,SHERIE
2796,LUCIE
2797,LEATRICE
2798,LAKESHIA
2799,GERDA
2800,EDIE
2801,BAMBI
2802,MARYLIN
2803,LAVON
2804,HORTENSE
2805,EVIE
2806,TRESSA
2807,SHAYNA
2808,LAVINA
2809,KYUNG
2810,JEANETTA
2811,SHERRILL
2812,SHARA
2813,PHYLISS
2814,MITTIE
2815,ANABEL
2816,ALESIA
2817,THUY
2818,TAWANDA
2819,RICHARD
2820,JOANIE
2821,TIFFANIE
2822,LASHANDA
2823,KARISSA
2824,ENRIQUETA
2825,DARIA
2826,DANIELLA
2827,CORINNA
2828,ALANNA
2829,ROXANE
2830,ROSEANNA
2831,LIDA
2832,KYLE
2833,JOELLEN
2834,CARLEEN
2835,TRESA
2836,PEGGIE
2837,NILA
2838,MAYBELLE
2839,JENELLE
2840,MELINA
2841,MARQUERITE
2842,MARGARETTE
2843,JOSEPHINA
2844,EVONNE
2845,DEVIN
2846,CINTHIA
2847,ALBINA
2848,TOYA
2849,TAWNYA
2850,SHERITA
2851,MYRIAM
2852,LIZABETH
2853,LISE
2854,KEELY
2855,JENNI
2856,GISELLE
2857,CHERYLE
2858,ARDITH
2859,ARDIS
2860,ALESHA
2861,ADRIANE
2862,SHAINA
2863,LINNEA
2864,KAROLYN
2865,FELISHA
2866,DORI
2867,DARCI
2868,ARTIE
2869,ARMIDA
2870,ZOLA
2871,XIOMARA
2872,VERGIE
2873,SHAMIKA
2874,NENA
2875,NANNETTE
2876,MAXIE
2877,LOVIE
2878,JEANE
2879,JAIMIE
2880,INGE
2881,FARRAH
2882,ELAINA
2883,CAITLYN
2884,STARR
2885,FELICITAS
2886,CHERLY
2887,CARYL
2888,YOLONDA
2889,YASMIN
2890,TEENA
2891,PENNIE
2892,NYDIA
2893,ORPHA
2894,LIZBETH
2895,LAURETTE
2896,JERRIE
2897,HERMELINDA
2898,CAROLEE
2899,TIERRA
2900,MIRIAN
2901,META
2902,MELONY
2903,KORI
2904,JENNETTE
2905,JAMILA
2906,ENA
2907,ANH
2908,YOSHIKO
2909,SUSANNAH
2910,RHIANNON
2911,JOLEEN
2912,CRISTINE
2913,ASHTON
2914,ARACELY
2915,TOMEKA
2916,SHALONDA
2917,MARTI
2918,LACIE
2919,KALA
2920,JADA
2921,ILSE
2922,HAILEY
2923,BRITTANI
2924,SYBLE
2925,SHERRYL
2926,NIDIA
2927,MARLO
2928,KANDICE
2929,KANDI
2930,DEB
2931,ALYCIA
2932,TOMMY
2933,RONNA
2934,NORENE
2935,INGEBORG
2936,GIOVANNA
2937,CHRISTEL
2938,AUDRY
2939,ZORA
2940,VITA
2941,TRISH
2942,STEPHAINE
2943,SHIRLEE
2944,SHANIKA
2945,MELONIE
2946,MAZIE
2947,JAZMIN
2948,HOA
2949,HETTIE
2950,GERALYN
2951,FONDA
2952,ESTRELLA
2953,ADELLA
2954,SU
2955,SARITA
2956,RINA
2957,MILISSA
2958,MARIBETH
2959,GOLDA
2960,EVON
2961,ETHELYN
2962,ENEDINA
2963,CHERISE
2964,CHANA
2965,VELVA
2966,TAWANNA
2967,SADE
2968,MIRTA
2969,KARIE
2970,JACINTA
2971,ELNA
2972,DAVINA
2973,CIERRA
2974,ASHLIE
2975,ALBERTHA
2976,TANESHA
2977,STEPHANI
2978,NELLE
2979,MINDI
2980,LORINDA
2981,LARUE
2982,FLORENE
2983,DEMETRA
2984,DEDRA
2985,CIARA
2986,CHANTELLE
2987,ASHLY
2988,SUZY
2989,ROSALVA
2990,NOELIA
2991,LYDA
2992,LEATHA
2993,KRYSTYNA
2994,KRISTAN
2995,KARRI
2996,DARLINE
2997,DARCIE
2998,CINDA
2999,CHERRIE
3000,AWILDA
3001,ALMEDA
3002,ROLANDA
3003,LANETTE
3004,JERILYN
3005,GISELE
3006,EVALYN
3007,CYNDI
3008,CLETA
3009,CARIN
3010,ZINA
3011,ZENA
3012,VELIA
3013,TANIKA
3014,PAUL
3015,CHARISSA
3016,THOMAS
3017,TALIA
3018,MARGARETE
3019,LAVONDA
3020,KAYLEE
3021,KATHLENE
3022,JONNA
3023,ILONA
3024,IDALIA
3025,CANDIS
3026,CANDANCE
3027,BRANDEE
3028,ANITRA
3029,ALIDA
3030,SIGRID
3031,NICOLETTE
3032,MARYJO
3033,LINETTE
3034,HEDWIG
3035,CHRISTIANA
3036,CASSIDY
3037,TRESSIE
3038,MODESTA
3039,LUPITA
3040,LITA
3041,GLADIS
3042,EVELIA
3043,DAVIDA
3044,CHERRI
3045,CECILY
3046,ASHELY
3047,ANNABEL
3048,AGUSTINA
3049,WANITA
3050,SHIRLY
3051,ROSAURA
3052,HULDA
3053,EUN
3054,YETTA
3055,THOMASINA
3056,SIBYL
3057,SHANNAN
3058,MECHELLE
3059,LUE
3060,LEANDRA
3061,LANI
3062,KYLEE
3063,JOLYNN
3064,FERNE
3065,EBONI
3066,CORENE
3067,ALYSIA
3068,ZULA
3069,MOIRA
3070,LYNDSAY
3071,LORRETTA
3072,JUAN
3073,JAMMIE
3074,GAYNELL
3075,CAMERON
3076,ADRIA
3077,VINA
3078,VICENTA
3079,TANGELA
3080,STEPHINE
3081,NORINE
3082,NELLA
3083,LESLEE
3084,KIMBERELY
3085,ILIANA
3086,FELICA
3087,EMOGENE
3088,ELFRIEDE
3089,EARTHA
3090,CARMA
3091,BEA
3092,OCIE
3093,LENNIE
3094,KIARA
3095,JACALYN
3096,CARLOTA
3097,ARIELLE
3098,YU
3099,OTILIA
3100,KIRSTIN
3101,KACEY
3102,JOHNETTA
3103,JOEY
3104,JOETTA
3105,JERALDINE
3106,JAUNITA
3107,ELANA
3108,DORTHEA
3109,CAMI
3110,AMADA
3111,ADELIA
3112,VERNITA
3113,TAMAR
3114,SIOBHAN
3115,RENEA
3116,RASHIDA
3117,OUIDA
3118,ODELL
3119,NILSA
3120,MERYL
3121,KRISTYN
3122,JULIETA
3123,DANICA
3124,BREANNE
3125,AUREA
3126,ANGLEA
3127,SHERRON
3128,ODETTE
3129,MALIA
3130,LIN
3131,LEESA
3132,KENNA
3133,KATHLYN
3134,FIONA
3135,CHARLETTE
3136,SUZIE
3137,SHANTELL
3138,SABRA
3139,RACQUEL
3140,MYONG
3141,MIRA
3142,MARTINE
3143,LUCIENNE
3144,LAVADA
3145,JULIANN
3146,JOHNIE
3147,ELVERA
3148,DELPHIA
3149,CLAIR
3150,CHRISTIANE
3151,CHAROLETTE
3152,CARRI
3153,AUGUSTINE
3154,ASHA
3155,ANGELLA
3156,PAOLA
3157,NINFA
3158,LAI
3159,EDA
3160,STEFANI
3161,SHANELL
3162,PALMA
3163,MACHELLE
3164,LISSA
3165,KECIA
3166,KATHRYNE
3167,KARLENE
3168,JULISSA
3169,JETTIE
3170,JENNIFFER
3171,HUI
3172,CORRINA
3173,CHRISTOPHER
3174,CAROLANN
3175,ALENA
3176,TESS
3177,ROSARIA
3178,MYRTICE
3179,MARYLEE
3180,LIANE
3181,KENYATTA
3182,JUDIE
3183,JANEY
3184,ELMIRA
3185,ELDORA
3186,DENNA
3187,CRISTI
3188,CATHI
3189,ZAIDA
3190,VONNIE
3191,VERNIE
3192,ROSALINE
3193,MARIELA
3194,LUCIANA
3195,LESLI
3196,KARAN
3197,FELICE
3198,DENEEN
3199,ADINA
3200,WYNONA
3201,TARSHA
3202,SHERON
3203,SHANITA
3204,SHANI
3205,SHANDRA
3206,RANDA
3207,NELIDA
3208,MARILOU
3209,LYLA
3210,LAURENE
3211,LACI
3212,JOI
3213,JANENE
3214,DOROTHA
3215,DANIELE
3216,DANI
3217,CAROLYNN
3218,CARLYN
3219,BERENICE
3220,AYESHA
3221,ANNELIESE
3222,ALETHEA
3223,THERSA
3224,TAMIKO
3225,RUFINA
3226,OLIVA
3227,MOZELL
3228,MARYLYN
3229,KRISTIAN
3230,KATHYRN
3231,KASANDRA
3232,KANDACE
3233,JANAE
3234,DOMENICA
3235,DEBBRA
3236,DANNIELLE
3237,CHUN
3238,BUFFY
3239,BARBIE
3240,ARCELIA
3241,AJA
3242,ZENOBIA
3243,SHAREN
3244,PATRICK
3245,LAVINIA
3246,KUM
3247,KACIE
3248,JACKELINE
3249,HUONG
3250,FELISA
3251,EMELIA
3252,ELEANORA
3253,CYTHIA
3254,CRISTIN
3255,CLYDE
3256,CLARIBEL
3257,CARON
3258,ANASTACIA
3259,ZULMA
3260,ZANDRA
3261,YOKO
3262,TENISHA
3263,SUSANN
3264,SHERILYN
3265,SHAWANDA
3266,ROMANA
3267,MATHILDA
3268,LINSEY
3269,KEIKO
3270,JOANA
3271,ISELA
3272,GRETTA
3273,GEORGETTA
3274,EUGENIE
3275,DESIRAE
3276,DELORA
3277,CORAZON
3278,ANTONINA
3279,ANIKA
3280,WILLENE
3281,TAMATHA
3282,REGAN
3283,NICHELLE
3284,MICKIE
3285,MAEGAN
3286,LUANA
3287,LANITA
3288,KELSIE
3289,EDELMIRA
3290,BREE
3291,AFTON
3292,TEODORA
3293,TAMIE
3294,SHENA
3295,LINH
3296,KELI
3297,KACI
3298,DANYELLE
3299,ARLETTE
3300,ALBERTINE
3301,ADELLE
3302,TIFFINY
3303,SIMONA
3304,NICOLASA
3305,NICHOL
3306,NIA
3307,NAKISHA
3308,MAIRA
3309,LOREEN
3310,KIZZY
3311,JOHNNY
3312,FALLON
3313,CHRISTENE
3314,BOBBYE
3315,ANTHONY
3316,YING
3317,VINCENZA
3318,TANJA
3319,RUBIE
3320,RONI
3321,QUEENIE
3322,MARGARETT
3323,KIMBERLI
3324,IRMGARD
3325,IDELL
3326,HILMA
3327,EVELINA
3328,ESTA
3329,DENNISE
3330,DANIA
3331,CARL
3332,CARIE
3333,ANTONIO
3334,WAI
3335,RISA
3336,RIKKI
3337,PARTICIA
3338,MUI
3339,MASAKO
3340,MARIO
3341,LUVENIA
3342,LONI
3343,KEVIN
3344,GIGI
3345,FLORENCIA
3346,DORIAN
3347,DENITA
3348,BILLYE
3349,TOMIKA
3350,SHARITA
3351,NIKOLE
3352,NEOMA
3353,MARGARITE
3354,MADALYN
3355,LUCINA
3356,LAILA
3357,JENETTE
3358,GABRIELE
3359,EVELYNE
3360,ELENORA
3361,CLEMENTINA
3362,ALEJANDRINA
3363,ZULEMA
3364,VIOLETTE
3365,VANNESSA
3366,THRESA
3367,RETTA
3368,NOELLA
3369,NICKIE
3370,JONELL
3371,CHUNG
3372,CHAYA
3373,ANYA
3374,ANDREW
3375,THANH
3376,SUZANN
3377,SHU
3378,MILA
3379,LILLA
3380,LAVERNA
3381,KEESHA
3382,KATTIE
3383,GEORGENE
3384,EVELINE
3385,ESTELL
3386,ELIZBETH
3387,VIVIENNE
3388,VALLIE
3389,TRUDIE
3390,STEPHANE
3391,MICHEL
3392,MAGALY
3393,MADIE
3394,KENYETTA
3395,KARREN
3396,JANETTA
3397,HERMINE
3398,DRUCILLA
3399,DEBBI
3400,CELESTINA
3401,CANDIE
3402,BRITNI
3403,BECKIE
3404,AMINA
3405,ZITA
3406,YUN
3407,YOLANDE
3408,VIVIEN
3409,VERNETTA
3410,TRUDI
3411,SOMMER
3412,PEARLE
3413,PATRINA
3414,OSSIE
3415,NICOLLE
3416,LOYCE
3417,LETTY
3418,KATHARINA
3419,JOSELYN
3420,JONELLE
3421,JENELL
3422,IESHA
3423,HEIDE
3424,FLORINDA
3425,FLORENTINA
3426,FLO
3427,ELODIA
3428,DORINE
3429,BRUNILDA
3430,BRIGID
3431,ASHLI
3432,ARDELLA
3433,TWANA
3434,THU
3435,TARAH
3436,SHEA
3437,SHAVON
3438,SHANE
3439,SERINA
3440,RAYNA
3441,RAMONITA
3442,NGA
3443,MARGURITE
3444,LUCRECIA
3445,KOURTNEY
3446,KATI
3447,JESUS
3448,JESENIA
3449,CRISTA
3450,AYANA
3451,ALICA
3452,ALIA
3453,VINNIE
3454,SUELLEN
3455,ROMELIA
3456,RACHELL
3457,MICHIKO
3458,KATHALEEN
3459,JOLIE
3460,JESSI
3461,JANESSA
3462,HANA
3463,ELEASE
3464,CARLETTA
3465,BRITANY
3466,SHONA
3467,SALOME
3468,ROSAMOND
3469,REGENA
3470,RAINA
3471,NGOC
3472,NELIA
3473,LOUVENIA
3474,LESIA
3475,LATRINA
3476,LATICIA
3477,LARHONDA
3478,JINA
3479,JACKI
3480,HOLLIS
3481,HOLLEY
3482,DEEANN
3483,CORETTA
3484,ARNETTA
3485,SHANICE
3486,NETA
3487,MIKKI
3488,MICKI
3489,LONNA
3490,LEANA
3491,LASHUNDA
3492,JOYE
3493,JACQULYN
3494,IGNACIA
3495,HYUN
3496,HIROKO
3497,HENRIETTE
3498,ELAYNE
3499,DELINDA
3500,COREEN
3501,CONSUELA
3502,CONCHITA
3503,CELINE
3504,BABETTE
3505,AYANNA
3506,ANETTE
3507,ALBERTINA
3508,SKYE
3509,SHANEKA
3510,QUIANA
3511,PAMELIA
3512,MERRI
3513,MERLENE
3514,MARGIT
3515,KIESHA
3516,KIERA
3517,KAYLENE
3518,JODEE
3519,JENISE
3520,ERLENE
3521,EMMIE
3522,DARYL
3523,DALILA
3524,DAISEY
3525,CODY
3526,CASIE
3527,BELIA
3528,BABARA
3529,VERSIE
3530,VANESA
3531,SHELBA
3532,SHAWNDA
3533,NIKIA
3534,NAOMA
3535,MARNA
3536,MARGERET
3537,MADALINE
3538,LAWANA
3539,KINDRA
3540,JUTTA
3541,JAZMINE
3542,JANETT
3543,HANNELORE
3544,GLENDORA
3545,GERTRUD
3546,GARNETT
3547,FREEDA
3548,FREDERICA
3549,FLORANCE
3550,FLAVIA
3551,DENNIS
3552,CARLINE
3553,BEVERLEE
3554,ANJANETTE
3555,VALDA
3556,TAMALA
3557,STEVIE
3558,SHONNA
3559,SHA
3560,SARINA
3561,MERILYN
3562,MARLEEN
3563,LURLINE
3564,LENNA
3565,KATHERIN
3566,JIN
3567,JENI
3568,HAE
3569,GRACIA
3570,GLADY
3571,FARAH
3572,ENOLA
3573,EMA
3574,DOMINQUE
3575,DEVONA
3576,DELANA
3577,CECILA
3578,ALYSHA
3579,ALI
3580,ALETHIA
3581,THERESIA
3582,SHAKIRA
3583,SACHIKO
3584,RACHELE
3585,PAMELLA
3586,NICKY
3587,MARNI
3588,MARIEL
3589,MAREN
3590,MALISA
3591,LIGIA
3592,LERA
3593,LATORIA
3594,LARAE
3595,KIMBER
3596,KATHERN
3597,KAREY
3598,JENNEFER
3599,JANETH
3600,HALINA
3601,FREDIA
3602,DELISA
3603,DEBROAH
3604,CIERA
3605,ANGELIKA
3606,ANDREE
3607,ALTHA
3608,VIVAN
3609,TERRESA
3610,TANNA
3611,SUK
3612,SUDIE
3613,SOO
3614,SIGNE
3615,SALENA
3616,RONNI
3617,REBBECCA
3618,MYRTIE
3619,MCKENZIE
3620,MALIKA
3621,MAIDA
3622,LEONARDA
3623,KAYLEIGH
3624,ELLYN
3625,DAYLE
3626,CAMMIE
3627,BRITTNI
3628,BIRGIT
3629,AVELINA
3630,ARIANNA
3631,AKIKO
3632,TYESHA
3633,TONIE
3634,TIESHA
3635,TAKISHA
3636,STEFFANIE
3637,SINDY
3638,MEGHANN
3639,MACIE
3640,LADY
3641,KELLYE
3642,KELLEE
3643,JOSLYN
3644,INGER
3645,INDIRA
3646,GLINDA
3647,GLENNIS
3648,FERNANDA
3649,FAUSTINA
3650,ENEIDA
3651,ELICIA
3652,DIGNA
3653,ARLETTA
3654,ANDRE
3655,WILLIA
3656,TAMMARA
3657,TABETHA
3658,SHERRELL
3659,REFUGIO
3660,REBBECA
3661,PAULETTA
3662,NIEVES
3663,NATOSHA
3664,NAKITA
3665,MAMMIE
3666,KENISHA
3667,KAZUKO
3668,KASSIE
3669,EARLEAN
3670,DAPHINE
3671,CORLISS
3672,CLOTILDE
3673,CAROLYNE
3674,BERNETTA
3675,AUGUSTINA
3676,AUDREA
3677,ANNIS
3678,ANNABELL
3679,YAN
3680,TENNILLE
3681,TAMICA
3682,SEAN
3683,ROSANA
3684,REGENIA
3685,QIANA
3686,MARKITA
3687,MACY
3688,LEEANNE
3689,LAURINE
3690,KYM
3691,JESSENIA
3692,JANITA
3693,GEORGINE
3694,EMIKO
3695,ELVIE
3696,DEANDRA
3697,DAGMAR
3698,CORIE
3699,COLLEN
3700,PORSHA
3701,PEARLENE
3702,MICHELINE
3703,MERNA
3704,MARGORIE
3705,MARGARETTA
3706,KENNETH
3707,JENINE
3708,HERMINA
3709,FREDERICKA
3710,ELKE
3711,DRUSILLA
3712,DORATHY
3713,DIONE
3714,CELENA
3715,BRIGIDA
3716,ALLEGRA
3717,THEO
3718,TAMEKIA
3719,SYNTHIA
3720,STEPHEN
3721,SOOK
3722,SLYVIA
3723,ROSANN
3724,REATHA
3725,RAYE
3726,MARQUETTA
3727,MARGART
3728,KYMBERLY
3729,KIANA
3730,KAYLEEN
3731,KATLYN
3732,KARMEN
3733,JOELLA
3734,IRINA
3735,EMELDA
3736,ELENI
3737,DETRA
3738,CLEMMIE
3739,CHERYLL
3740,CHANTELL
3741,CATHEY
3742,ARNITA
3743,ARLA
3744,ALYSE
3745,ZOFIA
3746,THOMASINE
3747,TENNIE
3748,SHERLY
3749,SHERLEY
3750,SHARYL
3751,REMEDIOS
3752,PETRINA
3753,NICKOLE
3754,MYUNG
3755,MYRLE
3756,MOZELLA
3757,LOUANNE
3758,LISHA
3759,LATIA
3760,KRYSTA
3761,JEANENE
3762,JACQUALINE
3763,ISAURA
3764,GWENDA
3765,EARLEEN
3766,DONALD
3767,CLEOPATRA
3768,CARLIE
3769,AUDIE
3770,ANTONIETTA
3771,ALISE
3772,ALEX
3773,VERDELL
3774,VAL
3775,TOMOKO
3776,THAO
3777,TALISHA
3778,STEVEN
3779,SHEMIKA
3780,SHAUN
3781,SANTINA
3782,ROSIA
3783,RAEANN
3784,ODILIA
3785,NANA
3786,MINNA
3787,MAGAN
3788,LYNELLE
3789,JOEANN
3790,IVANA
3791,INELL
3792,ILANA
3793,HYE
3794,GUDRUN
3795,DREAMA
3796,CRISSY
3797,CHANTE
3798,CARMELINA
3799,ARVILLA
3800,ARTHUR
3801,ANNAMAE
3802,ALVERA
3803,ALEIDA
3804,AARON
3805,YEE
3806,YANIRA
3807,TIANNA
3808,STEFANIA
3809,SHIRA
3810,NICOL
3811,NANCIE
3812,MONSERRATE
3813,MINH
3814,MELYNDA
3815,MELANY
3816,LOVELLA
3817,LAURE
3818,KIRBY
3819,KACY
3820,JACQUELYNN
3821,HYON
3822,GERTHA
3823,FRANCISCO
3824,ELIANA
3825,CHRISTENA
3826,CHRISTEEN
3827,CHARISE
3828,CATERINA
3829,CARLEY
3830,CANDYCE
3831,ARLENA
3832,AMMIE
3833,WILLETTE
3834,VANITA
3835,TUYET
3836,SYREETA
3837,SCOTT
3838,RONALD
3839,PENNEY
3840,NYLA
3841,MICHAL
3842,MAURICE
3843,MARYAM
3844,MARYA
3845,MAGEN
3846,LUDIE
3847,LOMA
3848,LIVIA
3849,LANELL
3850,KIMBERLIE
3851,JULEE
3852,DONETTA
3853,DIEDRA
3854,DENISHA
3855,DEANE
3856,DAWNE
3857,CLARINE
3858,CHERRYL
3859,BRONWYN
3860,BRANDON
3861,ALLA
3862,VALERY
3863,TONDA
3864,SUEANN
3865,SORAYA
3866,SHOSHANA
3867,SHELA
3868,SHARLEEN
3869,SHANELLE
3870,NERISSA
3871,MICHEAL
3872,MERIDITH
3873,MELLIE
3874,MAYE
3875,MAGARET
3876,LUIS
3877,LILI
3878,LEONILA
3879,LEONIE
3880,LEEANNA
3881,LAVONIA
3882,LAVERA
3883,KRISTEL
3884,KATHEY
3885,KATHE
3886,JUSTIN
3887,JANN
3888,ILDA
3889,HILDRED
3890,HILDEGARDE
3891,GENIA
3892,FUMIKO
3893,EVELIN
3894,ERMELINDA
3895,ELLY
3896,DOLORIS
3897,DIONNA
3898,DANAE
3899,BERNEICE
3900,ANNICE
3901,ALIX
3902,VERENA
3903,VERDIE
3904,SHAWNNA
3905,SHAWANA
3906,SHAUNNA
3907,ROZELLA
3908,RANDEE
3909,RANAE
3910,MILAGRO
3911,LYNELL
3912,LUISE
3913,LOUIE
3914,LOIDA
3915,LISBETH
3916,KARLEEN
3917,JUNITA
3918,JONA
3919,HEDY
3920,GWENN
3921,ETHELENE
3922,ERLINE
3923,EDWARD
3924,DONYA
3925,DOMONIQUE
3926,DELICIA
3927,DANNETTE
3928,CICELY
3929,BRANDA
3930,BLYTHE
3931,BETHANN
3932,ASHLYN
3933,ANNALEE
3934,ALLINE
3935,YUKO
3936,VELLA
3937,TOWANDA
3938,TESHA
3939,SHERLYN
3940,NARCISA
3941,MIGUELINA
3942,MERI
3943,MAYBELL
3944,MARLANA
3945,MARGUERITA
3946,MADLYN
3947,LORIANN
3948,LEONORE
3949,LEIGHANN
3950,LAURICE
3951,LATESHA
3952,LARONDA
3953,KATRICE
3954,KASIE
3955,KARL
3956,KALEY
3957,JADWIGA
3958,GLENNIE
3959,GEARLDINE
3960,FRANCINA
3961,EPIFANIA
3962,DYAN
3963,DORIE
3964,DIEDRE
3965,DENESE
3966,DEMETRICE
3967,DELENA
3968,DARBY
3969,CRISTIE
3970,CLEORA
3971,CATARINA
3972,CARISA
3973,BERNIE
3974,BARBERA
3975,ALMETA
3976,TRULA
3977,TEREASA
3978,SOLANGE
3979,SHEILAH
3980,SHAVONNE
3981,SANORA
3982,ROCHELL
3983,MATHILDE
3984,MARGARETA
3985,LYNSEY
3986,LAWANNA
3987,LAUNA
3988,KENA
3989,KEENA
3990,KATIA
3991,JAMEY
3992,GLYNDA
3993,GAYLENE
3994,ELVINA
3995,ELANOR
3996,DANUTA
3997,DANIKA
3998,CRISTEN
3999,CORDIE
4000,COLETTA
4001,CLARITA
4002,CARMON
4003,BRYNN
4004,AZUCENA
4005,AUNDREA
4006,ANGELE
4007,WALTER
4008,VERLIE
4009,VERLENE
4010,TAMESHA
4011,SILVANA
4012,SEBRINA
4013,SAMIRA
4014,RAYLENE
4015,NORAH
4016,MIREILLE
4017,MELISSIA
4018,MARYALICE
4019,LARAINE
4020,KIMBERY
4021,KARYL
4022,KARINE
4023,KAM
4024,JOLANDA
4025,JOHANA
4026,JESUSA
4027,JALEESA
4028,JAE
4029,JACQUELYNE
4030,ILUMINADA
4031,HILARIA
4032,HANH
4033,GENNIE
4034,FRANCIE
4035,FLORETTA
4036,EXIE
4037,DREMA
4038,DELPHA
4039,BEV
4040,BARBAR
4041,ASSUNTA
4042,ARDELL
4043,ANNALISA
4044,ALISIA
4045,YUKIKO
4046,YOLANDO
4047,WONDA
4048,WALTRAUD
4049,VETA
4050,TEMEKA
4051,TAMEIKA
4052,SHIRLEEN
4053,SHENITA
4054,PIEDAD
4055,OZELLA
4056,MIRTHA
4057,MARILU
4058,KIMIKO
4059,JULIANE
4060,JENICE
4061,JEN
4062,JANAY
4063,JACQUILINE
4064,HILDE
4065,EVAN
4066,ELOIS
4067,DEVORAH
4068,CHAU
4069,BRINDA
4070,BETSEY
4071,ARMINDA
4072,ARACELIS
4073,APRYL
4074,ANNETT
4075,ALISHIA
4076,VEOLA
4077,USHA
4078,TOSHIKO
4079,THEOLA
4080,TASHIA
4081,TALITHA
4082,SHERY
4083,RUDY
4084,RENETTA
4085,REIKO
4086,RASHEEDA
4087,OBDULIA
4088,MIKA
4089,MELAINE
4090,MEGGAN
4091,MARLEN
4092,MARGET
4093,MARCELINE
4094,MANA
4095,MAGDALEN
4096,LIBRADA
4097,LEZLIE
4098,LEXIE
4099,LATASHIA
4100,LASANDRA
4101,KELLE
4102,ISIDRA
4103,ISA
4104,INOCENCIA
4105,FRANCOISE
4106,ERMINIA
4107,ERINN
4108,DEVORA
4109,CRISELDA
4110,ARMANDA
4111,ARIE
4112,ARIANE
4113,ANGELO
4114,ANGELENA
4115,ALLEN
4116,ALIZA
4117,ADRIENE
4118,ADALINE
4119,XOCHITL
4120,TWANNA
4121,TRAN
4122,TOMIKO
4123,TAMISHA
4124,TAISHA
4125,SUSY
4126,SIU
4127,RUTHA
4128,ROXY
4129,RHONA
4130,RAYMOND
4131,OTHA
4132,NORIKO
4133,NATASHIA
4134,MERRIE
4135,MELVIN
4136,MARINDA
4137,MARIKO
4138,MARGERT
4139,LORIS
4140,LIZZETTE
4141,LEISHA
4142,KAILA
4143,JOANNIE
4144,JERRICA
4145,JENE
4146,JANNET
4147,JANEE
4148,JACINDA
4149,HERTA
4150,ELENORE
4151,DORETTA
4152,DELAINE
4153,CLAUDIE
4154,BRITTA
4155,APOLONIA
4156,AMBERLY
4157,ALEASE
4158,YURI
4159,YUK
4160,WANETA
4161,TOMI
4162,SHARRI
4163,SANDIE
4164,REYNALDA
4165,RAGUEL
4166,PHYLICIA
4167,PATRIA
4168,OLIMPIA
4169,ODELIA
4170,MITZIE
4171,MITCHELL
4172,MINDA
4173,MIGNON
4174,MENDY
4175,MARIVEL
4176,MAILE
4177,LYNETTA
4178,LAVETTE
4179,LAURYN
4180,LATRISHA
4181,LAKIESHA
4182,KIERSTEN
4183,KARY
4184,JOSPHINE
4185,JOLYN
4186,JETTA
4187,JANISE
4188,JACQUIE
4189,IVELISSE
4190,GLYNIS
4191,GIANNA
4192,GAYNELLE
4193,DEMETRIUS
4194,DANYELL
4195,DANILLE
4196,DACIA
4197,CORALEE
4198,CHER
4199,CEOLA
4200,BRETT
4201,ARIANNE
4202,ALESHIA
4203,YUNG
4204,WILLIEMAE
4205,TRINH
4206,THORA
4207,SVETLANA
4208,SHERIKA
4209,SHEMEKA
4210,SHAUNDA
4211,ROSELINE
4212,RICKI
4213,MELDA
4214,MALLIE
4215,LAVONNA
4216,LATINA
4217,LARRY
4218,LAQUANDA
4219,LALA
4220,LACHELLE
4221,KLARA
4222,KANDIS
4223,JOHNA
4224,JEANMARIE
4225,JAYE
4226,GRAYCE
4227,GERTUDE
4228,EMERITA
4229,EBONIE
4230,CLORINDA
4231,CHING
4232,CHERY
4233,CAROLA
4234,BREANN
4235,BERNARDINE
4236,BECKI
4237,ARLETHA
4238,ARGELIA
4239,ALITA
4240,YULANDA
4241,YESSENIA
4242,TOBI
4243,TASIA
4244,SYLVIE
4245,SHIRL
4246,SHIRELY
4247,SHERIDAN
4248,SHELLA
4249,SHANTELLE
4250,SACHA
4251,ROYCE
4252,REBECKA
4253,REAGAN
4254,PROVIDENCIA
4255,PAULENE
4256,MISHA
4257,MIKI
4258,MARICA
4259,LORITA
4260,LATOYIA
4261,LASONYA
4262,KERSTIN
4263,KENDA
4264,KEITHA
4265,KATHRIN
4266,JAYMIE
4267,GRICELDA
4268,GINETTE
4269,ERYN
4270,ELINA
4271,ELFRIEDA
4272,DANYEL
4273,CHEREE
4274,CHANELLE
4275,BARRIE
4276,AVERY
4277,AURORE
4278,ANNAMARIA
4279,ALLEEN
4280,AILENE
4281,AIDE
4282,YASMINE
4283,VASHTI
4284,TREASA
4285,TORY
4286,TIFFANEY
4287,SHERYLL
4288,SHARIE
4289,SHANAE
4290,SAU
4291,RAISA
4292,NEDA
4293,MITSUKO
4294,MIRELLA
4295,MILDA
4296,MARYANNA
4297,MARAGRET
4298,MABELLE
4299,LUETTA
4300,LORINA
4301,LETISHA
4302,LATARSHA
4303,LANELLE
4304,LAJUANA
4305,KRISSY
4306,KARLY
4307,KARENA
4308,JON
4309,JESSIKA
4310,JERICA
4311,JEANELLE
4312,JALISA
4313,JACELYN
4314,IVEY
4315,GREGORY
4316,EUNA
4317,ETHA
4318,DOMITILA
4319,DAINA
4320,CREOLA
4321,CARLI
4322,CAMIE
4323,BRITTNY
4324,ASHANTI
4325,ANISHA
4326,ALEEN
4327,ADAH
4328,YASUKO
4329,VIKI
4330,VALRIE
4331,TONA
4332,TINISHA
4333,THI
4334,TERISA
4335,TATUM
4336,TANEKA
4337,SIMONNE
4338,SHALANDA
4339,SERITA
4340,RESSIE
4341,REFUGIA
4342,PAZ
4343,OLENE
4344,MERRILL
4345,MARGHERITA
4346,MANDIE
4347,MAIRE
4348,LYNDIA
4349,LUCI
4350,LORRIANE
4351,LORETA
4352,LEONIA
4353,LAVONA
4354,LASHAWNDA
4355,LAKIA
4356,KYOKO
4357,KRYSTINA
4358,KRYSTEN
4359,KENIA
4360,KELSI
4361,JEANICE
4362,ISOBEL
4363,GEORGIANN
4364,GENNY
4365,FELICIDAD
4366,EILENE
4367,DEON
4368,DELOISE
4369,DEEDEE
4370,DANNIE
4371,CLORA
4372,CHERILYN
4373,CALANDRA
4374,ARMANDINA
4375,ANISA
4376,ULA
4377,TIERA
4378,THERESSA
4379,STEPHANIA
4380,SHYLA
4381,SHONTA
4382,SHERA
4383,SHAQUITA
4384,SHALA
4385,SAMMY
4386,ROSSANA
4387,NOHEMI
4388,NERY
4389,MORIAH
4390,MELITA
4391,MELIDA
4392,MELANI
4393,MARYLYNN
4394,MARISHA
4395,MARIETTE
4396,MALORIE
4397,MADELENE
4398,LUDIVINA
4399,LORIA
4400,LORETTE
4401,LORALEE
4402,LIANNE
4403,LAVENIA
4404,LAURINDA
4405,LASHON
4406,KIMI
4407,KEILA
4408,KATELYNN
4409,KAI
4410,JONE
4411,JOANE
4412,JAYNA
4413,JANELLA
4414,JA
4415,FRANCENE
4416,ELINORE
4417,DESPINA
4418,DELSIE
4419,DEEDRA
4420,CLEMENCIA
4421,CAROLIN
4422,CARLOS
4423,BULAH
4424,BRITTANIE
4425,BOK
4426,BLONDELL
4427,BIBI
4428,BEAULAH
4429,BEATA
4430,ANNITA
4431,AGRIPINA
4432,VIRGEN
4433,VALENE
4434,TWANDA
4435,TOMMYE
4436,TOI
4437,TARRA
4438,TARI
4439,TAMMERA
4440,SHAKIA
4441,SADYE
4442,RUTHANNE
4443,ROCHEL
4444,RIVKA
4445,PURA
4446,NENITA
4447,NATISHA
4448,MERRILEE
4449,MELODEE
4450,MARVIS
4451,LUCILLA
4452,LEENA
4453,LAVETA
4454,LARITA
4455,LANIE
4456,KEREN
4457,ILEEN
4458,GEORGEANN
4459,GENNA
4460,FRIDA
4461,EUFEMIA
4462,EMELY
4463,EDYTH
4464,DEONNA
4465,DEADRA
4466,DARLENA
4467,CHANELL
4468,CHAN
4469,CATHERN
4470,CASSONDRA
4471,CASSAUNDRA
4472,BERNARDA
4473,BERNA
4474,ARLINDA
4475,ANAMARIA
4476,ALBERT
4477,WESLEY
4478,VERTIE
4479,VALERI
4480,TORRI
4481,TATYANA
4482,STASIA
4483,SHERISE
4484,SHERILL
4485,SANDA
4486,RUTHE
4487,ROBERTO
4488,ROBBI
4489,RANEE
4490,QUYEN
4491,PALMIRA
4492,ONITA
4493,NISHA
4494,NIESHA
4495,NIDA
4496,NAM
4497,MERLYN
4498,MAYOLA
4499,MARYLOUISE
4500,MARX
4501,MARTH
4502,MARGENE
4503,MADELAINE
4504,LONDA
4505,LEONTINE
4506,LEOMA
4507,LEIA
4508,LAURALEE
4509,LANORA
4510,LAKITA
4511,KIYOKO
4512,KETURAH
4513,KATELIN
4514,KAREEN
4515,JONIE
4516,JOHNETTE
4517,JENEE
4518,JEANETT
4519,IZETTA
4520,HIEDI
4521,HEIKE
4522,HASSIE
4523,HAROLD
4524,GIUSEPPINA
4525,GEORGANN
4526,FIDELA
4527,FERNANDE
4528,ELWANDA
4529,ELLAMAE
4530,ELIZ
4531,DUSTI
4532,CYNDY
4533,CORALIE
4534,ALVERTA
4535,XENIA
4536,WAVA
4537,VANETTA
4538,TORRIE
4539,TASHINA
4540,TANDY
4541,TAMBRA
4542,STEPANIE
4543,SHILA
4544,SHAUNTA
4545,SHARAN
4546,SHANIQUA
4547,SHAE
4548,SETSUKO
4549,SERAFINA
4550,SANDEE
4551,ROSAMARIA
4552,PRISCILA
4553,OLINDA
4554,NADENE
4555,MUOI
4556,MICHELINA
4557,MARYROSE
4558,MARIN
4559,MARCENE
4560,MAGALI
4561,MAFALDA
4562,LINN
4563,LANNIE
4564,KAYCE
4565,KAROLINE
4566,KAMILAH
4567,KAMALA
4568,JUSTA
4569,JOLINE
4570,JENNINE
4571,JACQUETTA
4572,IRAIDA
4573,GERALD
4574,GEORGEANNA
4575,FRANCHESCA
4576,FAIRY
4577,EMELINE
4578,ELANE
4579,EHTEL
4580,EARLIE
4581,DULCIE
4582,DALENE
4583,CRIS
4584,CLASSIE
4585,CHERE
4586,CAROYLN
4587,CARMINA
4588,CARITA
4589,BRIAN
4590,BETHANIE
4591,AYAKO
4592,ARICA
4593,ALYSA
4594,ALESSANDRA
4595,AKILAH
4596,ADRIEN
4597,ZETTA
4598,YOULANDA
4599,YELENA
4600,YAHAIRA
4601,XUAN
4602,WENDOLYN
4603,VICTOR
4604,TERRELL
4605,TERINA
4606,TERESIA
4607,SUZI
4608,SHERELL
4609,SHAVONDA
4610,SHAUNTE
4611,SHARDA
4612,SHAKITA
4613,SENA
4614,RYANN
4615,RUBI
4616,RIVA
4617,REGINIA
4618,REA
4619,RACHAL
4620,PARTHENIA
4621,PAMULA
4622,MONNIE
4623,MONET
4624,MICHAELE
4625,MALKA
4626,MAISHA
4627,LISANDRA
4628,LEKISHA
4629,LAURENCE
4630,LAKENDRA
4631,KRYSTIN
4632,KORTNEY
4633,KIZZIE
4634,KITTIE
4635,KEMBERLY
4636,KANISHA
4637,JULENE
4638,JULE
4639,JOHANNE
4640,JEFFREY
4641,JAMEE
4642,HALLEY
4643,GIDGET
4644,GALINA
4645,FREDRICKA
4646,FLETA
4647,FATIMAH
4648,EUSEBIA
4649,ELZA
4650,ELEONORE
4651,DORTHEY
4652,DORIA
4653,DONELLA
4654,DINORAH
4655,DELORSE
4656,CLARETHA
4657,CHRISTINIA
4658,CHARLYN
4659,BELKIS
4660,AZZIE
4661,ANDERA
4662,AIKO
4663,ADENA
4664,YER
4665,YAJAIRA
4666,VANIA
4667,ULRIKE
4668,TOSHIA
4669,TIFANY
4670,STEFANY
4671,SHIZUE
4672,SHENIKA
4673,SHAWANNA
4674,SHAROLYN
4675,SHARILYN
4676,SHAQUANA
4677,SHANTAY
4678,ROZANNE
4679,ROSELEE
4680,RICKIE
4681,REMONA
4682,REANNA
4683,RAELENE
4684,QUINN
4685,PHUNG
4686,PETRONILA
4687,NATACHA
4688,NANCEY
4689,MYRL
4690,MIYOKO
4691,MIESHA
4692,MERIDETH
4693,MARVELLA
4694,MARQUITTA
4695,MARHTA
4696,MARCHELLE
4697,LIZETH
4698,LIBBIE
4699,LAHOMA
4700,LADAWN
4701,KATHELEEN
4702,KATHARYN
4703,KARISA
4704,KALEIGH
4705,JUNIE
4706,JULIEANN
4707,JOHNSIE
4708,JANEAN
4709,JAIMEE
4710,JACKQUELINE
4711,HISAKO
4712,HERMA
4713,HELAINE
4714,GWYNETH
4715,GLENN
4716,EUSTOLIA
4717,EMELINA
4718,ELIN
4719,EDRIS
4720,DONNETTE
4721,DONNETTA
4722,DIERDRE
4723,DENAE
4724,DARCEL
4725,CLAUDE
4726,CLARISA
4727,CINDERELLA
4728,CHIA
4729,CHARLESETTA
4730,CHARITA
4731,CELSA
4732,CASSY
4733,CASSI
4734,CARLEE
4735,BRUNA
4736,BRITTANEY
4737,BILLI
4738,BAO
4739,ANTONETTA
4740,ANGLA
4741,ANGELYN
4742,ANALISA
4743,ALANE
4744,WENONA
4745,WENDIE
4746,VERONIQUE
4747,VANNESA
4748,TOBIE
4749,TEMPIE
4750,SUMIKO
4751,SULEMA
4752,SOMER
4753,SHEBA
4754,SHAYNE
4755,SHARICE
4756,SHANEL
4757,SHALON
4758,ROY
4759,ROSIO
4760,ROSELIA
4761,RENAY
4762,REMA
4763,REENA
4764,PORSCHE
4765,OZIE
4766,ORETHA
4767,ORALEE
4768,ODA
4769,NGAN
4770,NAKESHA
4771,MILLY
4772,MARYBELLE
4773,MARGRETT
4774,MARAGARET
4775,MANIE
4776,LURLENE
4777,LILLIA
4778,LIESELOTTE
4779,LAVELLE
4780,LASHAUNDA
4781,LAKEESHA
4782,KEITH
4783,KAYCEE
4784,KALYN
4785,JOYA
4786,JOETTE
4787,JENAE
4788,JANIECE
4789,ILLA
4790,GRISEL
4791,GLAYDS
4792,GENEVIE
4793,FREDDA
4794,FRED
4795,ELMER
4796,ELEONOR
4797,DEBERA
4798,DEANDREA
4799,DAN
4800,CORRINNE
4801,CONTESSA
4802,COLENE
4803,CLEOTILDE
4804,CHARLOTT
4805,CHANTAY
4806,CECILLE
4807,BEATRIS
4808,AZALEE
4809,ARLEAN
4810,ARDATH
4811,ANJELICA
4812,ANJA
4813,ALFREDIA
4814,ALEISHA
4815,ZADA
4816,YUONNE
4817,XIAO
4818,WILLODEAN
4819,WHITLEY
4820,VENNIE
4821,VANNA
4822,TYISHA
4823,TOVA
4824,TORIE
4825,TONISHA
4826,TILDA
4827,TIEN
4828,SIRENA
4829,SHERRIL
4830,SHANTI
4831,SENAIDA
4832,SAMELLA
4833,ROBBYN
4834,RENDA
4835,REITA
4836,PHEBE
4837,PAULITA
4838,NOBUKO
4839,NGUYET
4840,NEOMI
4841,MIKAELA
4842,MELANIA
4843,MAXIMINA
4844,MAISIE
4845,LYNNA
4846,LILLI
4847,LAYNE
4848,LASHAUN
4849,LAKENYA
4850,LAEL
4851,KIRSTIE
4852,KATHLINE
4853,KARLYN
4854,KARIMA
4855,JOVAN
4856,JOSEFINE
4857,JENNELL
4858,JACQUI
4859,JACKELYN
4860,HYO
4861,HIEN
4862,GRAZYNA
4863,FLORRIE
4864,FLORIA
4865,ELEONORA
4866,DWANA
4867,DORLA
4868,DELMY
4869,DEJA
4870,DEDE
4871,DANN
4872,CRYSTA
4873,CLELIA
4874,CLARIS
4875,CHIEKO
4876,CHERLYN
4877,CHERELLE
4878,CHARMAIN
4879,CAMMY
4880,ARNETTE
4881,ARDELLE
4882,ANNIKA
4883,AMIEE
4884,AMEE
4885,ALLENA
4886,YVONE
4887,YUKI
4888,YOSHIE
4889,YEVETTE
4890,YAEL
4891,WILLETTA
4892,VONCILE
4893,VENETTA
4894,TULA
4895,TONETTE
4896,TIMIKA
4897,TEMIKA
4898,TELMA
4899,TEISHA
4900,TAREN
4901,STACEE
4902,SHAWNTA
4903,SATURNINA
4904,RICARDA
4905,POK
4906,ONIE
4907,MORA
4908,MARIELLE
4909,MARIELLA
4910,MARIANELA
4911,MARDELL
4912,LUANNA
4913,LOISE
4914,LISABETH
4915,LINDSY
4916,LILLIANA
4917,LILLIAM
4918,LELAH
4919,LEIGHA
4920,LEANORA
4921,LANG
4922,KRISTEEN
4923,KHALILAH
4924,KEELEY
4925,KANDRA
4926,JUNKO
4927,JOAQUINA
4928,JERLENE
4929,JANI
4930,JAMIKA
4931,JAME
4932,HSIU
4933,HERMILA
4934,GENEVIVE
4935,EVIA
4936,EUGENA
4937,EMMALINE
4938,ELFREDA
4939,ELENE
4940,DONETTE
4941,DELCIE
4942,DEEANNA
4943,DARCEY
4944,CUC
4945,CLARINDA
4946,CHAE
4947,CELINDA
4948,CATHERYN
4949,CATHERIN
4950,CASIMIRA
4951,CARMELIA
4952,BREANA
4953,BOBETTE
4954,BERNARDINA
4955,BEBE
4956,BASILIA
4957,ARLYNE
4958,AMAL
4959,ALAYNA
4960,ZONIA
4961,ZENIA
4962,YURIKO
4963,YAEKO
4964,WYNELL
4965,WILLENA
4966,VERNIA
4967,TU
4968,TRAVIS
4969,TORA
4970,TERRILYN
4971,TERICA
4972,TENESHA
4973,TAWNA
4974,TAJUANA
4975,TAINA
4976,STEPHNIE
4977,SONA
4978,SINA
4979,SHONDRA
4980,SHIZUKO
4981,SHERLENE
4982,SHERICE
4983,SHARIKA
4984,ROSSIE
4985,ROSENA
4986,RORY
4987,RIA
4988,RHEBA
4989,RENNA
4990,NATALYA
4991,NANCEE
4992,MELODI
4993,MEDA
4994,MAXIMA
4995,MATHA
4996,MARKETTA
4997,MARICRUZ
4998,MARCELENE
4999,MALVINA
5000,LOUETTA
5001,LEIDA
5002,LECIA
5003,LAURAN
5004,LAURA
5005,NELSON
5006,LASHAWNA
5007,LAINE
5008,KHADIJAH
5009,KATERINE
5010,KASI
5011,KALLIE
5012,JULIETTA
5013,JESUSITA
5014,JESTINE
5015,JESSIA
5016,JEREMY
5017,JEFFIE
5018,JANYCE
5019,ISADORA
5020,GEORGIANNE
5021,FIDELIA
5022,EVITA
5023,EURA
5024,EULAH
5025,ESTEFANA
5026,ELSY
5027,ELIZABET
5028,ELADIA
5029,DODIE
5030,DION
5031,DENISSE
5032,DELORAS
5033,DELILA
5034,DAYSI
5035,CURTIS
5036,CRYSTLE
5037,COLBY
5038,CLARETTA
5039,CHRISTIA
5040,CHARLSIE
5041,CHARLENA
5042,CARYLON
5043,BETTYANN
5044,ASLEY
5045,ASHLEA
5046,AMIRA
5047,AGUEDA
5048,AGNUS
5049,YUETTE
5050,VINITA
5051,VICTORINA
5052,TYNISHA
5053,TREENA
5054,TOCCARA
5055,TISH
5056,THOMASENA
5057,TEGAN
5058,SOILA
5059,SHENNA
5060,SHARMAINE
5061,SHANTAE
5062,SHANDI
5063,SARAI
5064,SAMUEL
5065,SALLEY
5066,ROLANDE
5067,REGINE
5068,OTELIA
5069,OLEVIA
5070,NICHOLLE
5071,NECOLE
5072,NAIDA
5073,MYRTA
5074,MYESHA
5075,MITSUE
5076,MINTA
5077,MERTIE
5078,MARGY
5079,MAHALIA
5080,MADALENE
5081,LOURA
5082,LOREAN
5083,LEWIS
5084,LESHA
5085,LEONIDA
5086,LENITA
5087,LAVONE
5088,LASHELL
5089,LASHANDRA
5090,LAMONICA
5091,KIMBRA
5092,KATHERINA
5093,KARRY
5094,KANESHA
5095,JULIO
5096,JONG
5097,JENEVA
5098,JAQUELYN
5099,HWA
5100,GILMA
5101,GHISLAINE
5102,GERTRUDIS
5103,FRANSISCA
5104,FERMINA
5105,ETTIE
5106,ETSUKO
5107,ELLAN
5108,ELIDIA
5109,EDRA
5110,DORETHEA
5111,DOREATHA
5112,DENYSE
5113,DENNY
5114,DEETTA
5115,DAINE
5116,CYRSTAL
5117,CORRIN
5118,CAYLA
5119,CARLITA
5120,CAMILA
5121,BULA
5122,BUENA
5123,BLAKE
5124,BARABARA
5125,AVRIL
5126,ALAINE
5127,ZANA
5128,WILHEMINA
5129,WANETTA
5130,VIRGIL
5131,VERONIKA
5132,VERNON
5133,VERLINE
5134,VASILIKI
5135,TONITA
5136,TISA
5137,TEOFILA
5138,TAYNA
5139,TAUNYA
5140,TANDRA
5141,TAKAKO
5142,SUANNE
5143,SIXTA
5144,SHARELL
5145,SEEMA
5146,RUSSELL
5147,ROSENDA
5148,ROBENA
5149,RAYMONDE
5150,PEI
5151,PAMILA
5152,OZELL
5153,NEIDA
5154,NEELY
5155,MISTIE
5156,MICHA
5157,MERISSA
5158,MAURITA
5159,MARYLN
5160,MARYETTA
5161,MALENA
5162,MAKEDA
5163,MADDIE
5164,LOVETTA
5165,LOURIE
5166,LORRINE
5167,LORILEE
5168,LESTER
5169,LAURENA
5170,LASHAY
5171,LARRAINE
5172,LAREE
5173,LACRESHA
5174,KRISTLE
5175,KEVA
5176,KEIRA
5177,KAROLE
5178,JOIE
5179,JINNY
5180,JEANNETTA
5181,JAMA
5182,HEIDY
5183,GILBERTE
5184,GEMA
5185,FAVIOLA
5186,EVELYNN
5187,ENDA
5188,ELLENA
5189,DIVINA
5190,DAGNY
5191,COLLENE
5192,CODI
5193,CINDIE
5194,CHASSIDY
5195,CHASIDY
5196,CATRICE
5197,CATHERINA
5198,CASSEY
5199,CARLENA
5200,CANDRA
5201,CALISTA
5202,BRYANNA
5203,BRITTENY
5204,BEULA
5205,AUDRIE
5206,AUDRIA
5207,ARDELIA
5208,ANNELLE
5209,ANGILA
5210,ALONA
5211,ALLYN
5212,ROBERT
5213,WILLIAM
5214,DAVID
5215,RICHARD
5216,JOSEPH
5217,THOMAS
5218,CHRISTOPHER
5219,PAUL
5220,DONALD
5221,GEORGE
5222,KENNETH
5223,STEVEN
5224,EDWARD
5225,BRIAN
5226,RONALD
5227,ANTHONY
5228,KEVIN
5229,JOSE
5230,LARRY
5231,JEFFREY
5232,SCOTT
5233,STEPHEN
5234,ANDREW
5235,RAYMOND
5236,GREGORY
5237,JERRY
5238,DENNIS
5239,WALTER
5240,PATRICK
5241,HAROLD
5242,DOUGLAS
5243,CARL
5244,ARTHUR
5245,RYAN
5246,ROGER
5247,JOE
5248,JUAN
5249,ALBERT
5250,JUSTIN
5251,GERALD
5252,KEITH
5253,SAMUEL
5254,WILLIE
5255,RALPH
5256,NICHOLAS
5257,ROY
5258,BRUCE
5259,BRANDON
5260,FRED
5261,WAYNE
5262,STEVE
5263,LOUIS
5264,JEREMY
5265,AARON
5266,HOWARD
5267,CARLOS
5268,RUSSELL
5269,BOBBY
5270,VICTOR
5271,ERNEST
5272,PHILLIP
5273,TODD
5274,JESSE
5275,CRAIG
5276,ALAN
5277,SHAWN
5278,SEAN
5279,PHILIP
5280,CHRIS
5281,JOHNNY
5282,EARL
5283,ANTONIO
5284,DANNY
5285,LUIS
5286,STANLEY
5287,LEONARD
5288,NATHAN
5289,MANUEL
5290,RODNEY
5291,CURTIS
5292,ALLEN
5293,MARVIN
5294,VINCENT
5295,GLENN
5296,JEFFERY
5297,TRAVIS
5298,JEFF
5299,JACOB
5300,MELVIN
5301,ALFRED
5302,KYLE
5303,FRANCIS
5304,BRADLEY
5305,JESUS
5306,HERBERT
5307,EDWIN
5308,EDDIE
5309,RICKY
5310,RANDALL
5311,BARRY
5312,BERNARD
5313,MARIO
5314,LEROY
5315,FRANCISCO
5316,MARCUS
5317,MICHEAL
5318,THEODORE
5319,CLIFFORD
5320,MIGUEL
5321,JIM
5322,CALVIN
5323,ALEX
5324,JON
5325,RONNIE
5326,LLOYD
5327,TOMMY
5328,DEREK
5329,DARRELL
5330,JEROME
5331,FLOYD
5332,ALVIN
5333,TIM
5334,WESLEY
5335,GORDON
5336,GREG
5337,JORGE
5338,DUSTIN
5339,PEDRO
5340,DAN
5341,LEWIS
5342,ZACHARY
5343,COREY
5344,HERMAN
5345,MAURICE
5346,VERNON
5347,ROBERTO
5348,CLYDE
5349,SHANE
5350,RICARDO
5351,LESTER
5352,RAMON
5353,CHARLIE
5354,REGINALD
5355,RUBEN
5356,BRETT
5357,NATHANIEL
5358,RAFAEL
5359,LESLIE
5360,EDGAR
5361,MILTON
5362,RAUL
5363,CECIL
5364,DUANE
5365,FRANKLIN
5366,ANDRE
5367,ELMER
5368,MITCHELL
5369,ROLAND
5370,ARNOLD
5371,HARVEY
5372,JARED
5373,ADRIAN
5374,KARL
5375,CORY
5376,CLAUDE
5377,ERIK
5378,DARRYL
5379,JAMIE
5380,NEIL
5381,JESSIE
5382,JAVIER
5383,FERNANDO
5384,MATHEW
5385,TYRONE
5386,DARREN
5387,LONNIE
5388,CODY
5389,JULIO
5390,KELLY
5391,KURT
5392,ALLAN
5393,CLAYTON
5394,HUGH
5395,DWAYNE
5396,DWIGHT
5397,ARMANDO
5398,FELIX
5399,JIMMIE
5400,EVERETT
5401,IAN
5402,WALLACE
5403,JAIME
5404,CASEY
5405,ALFREDO
5406,ALBERTO
5407,DAVE
5408,IVAN
5409,JOHNNIE
5410,SIDNEY
5411,BYRON
5412,ISAAC
5413,MORRIS
5414,CLIFTON
5415,WILLARD
5416,DARYL
5417,ROSS
5418,VIRGIL
5419,ANDY
5420,SERGIO
5421,MARION
5422,TRACY
5423,SETH
5424,TERRANCE
5425,RENE
5426,EDUARDO
5427,TERRENCE
5428,ENRIQUE
5429,FREDDIE
5430,FREDRICK
5431,ARTURO
5432,ALEJANDRO
5433,JACKIE
5434,JOEY
5435,LUTHER
5436,WENDELL
5437,EVAN
5438,JULIUS
5439,DONNIE
5440,SHANNON
5441,TREVOR
5442,GERARD
5443,DOUG
5444,KENNY
5445,HUBERT
5446,ANGELO
5447,SHAUN
5448,LYLE
5449,LYNN
5450,ALFONSO
5451,REX
5452,CARLTON
5453,ERNESTO
5454,CAMERON
5455,NEAL
5456,PABLO
5457,LORENZO
5458,OMAR
5459,WILBUR
5460,BLAKE
5461,HORACE
5462,RODERICK
5463,KERRY
5464,ABRAHAM
5465,WILLIS
5466,ANDRES
5467,CESAR
5468,JOHNATHAN
5469,MALCOLM
5470,RUDOLPH
5471,DAMON
5472,RUDY
5473,ALTON
5474,ARCHIE
5475,MARCO
5476,PETE
5477,RANDOLPH
5478,GARRY
5479,GEOFFREY
5480,JONATHON
5481,FELIPE
5482,GERARDO
5483,DOMINIC
5484,LOREN
5485,DELBERT
5486,COLIN
5487,GUILLERMO
5488,LUCAS
5489,SPENCER
5490,RODOLFO
5491,MYRON
5492,EDMUND
5493,GARRETT
5494,SALVATORE
5495,CEDRIC
5496,LOWELL
5497,GREGG
5498,DEVIN
5499,SYLVESTER
5500,KIM
5501,ROOSEVELT
5502,JERMAINE
5503,FORREST
5504,WILBERT
5505,LELAND
5506,SIMON
5507,GUADALUPE
5508,CLARK
5509,IRVING
5510,CARROLL
5511,BRYANT
5512,OWEN
5513,RUFUS
5514,WOODROW
5515,SAMMY
5516,KRISTOPHER
5517,LEVI
5518,MARCOS
5519,GUSTAVO
5520,JAKE
5521,LIONEL
5522,MARTY
5523,TAYLOR
5524,GILBERTO
5525,CLINT
5526,NICOLAS
5527,LAURENCE
5528,ISMAEL
5529,ORVILLE
5530,JODY
5531,ERVIN
5532,DEWEY
5533,WILFRED
5534,HUGO
5535,IGNACIO
5536,CALEB
5537,TOMAS
5538,SHELDON
5539,ERICK
5540,FRANKIE
5541,STEWART
5542,DOYLE
5543,DARREL
5544,ROGELIO
5545,TERENCE
5546,ALONZO
5547,ELIAS
5548,BERT
5549,ELBERT
5550,RAMIRO
5551,CONRAD
5552,NOAH
5553,GRADY
5554,PHIL
5555,CORNELIUS
5556,LAMAR
5557,ROLANDO
5558,PERCY
5559,BRADFORD
5560,DARIN
5561,TERRELL
5562,MOSES
5563,IRVIN
5564,SAUL
5565,RANDAL
5566,TOMMIE
5567,TIMMY
5568,DARRIN
5569,WINSTON
5570,BRENDAN
5571,ABEL
5572,BOYD
5573,COURTNEY
5574,EMILIO
5575,ELIJAH
5576,CARY
5577,DOMINGO
5578,AUBREY
5579,EMMETT
5580,MARLON
5581,EMANUEL
5582,JERALD
5583,EDMOND
5584,EMIL
5585,DEWAYNE
5586,OTTO
5587,REYNALDO
5588,BRET
5589,JESS
5590,HUMBERTO
5591,EMMANUEL
5592,STEPHAN
5593,LOUIE
5594,VICENTE
5595,LAMONT
5596,STACY
5597,EFRAIN
5598,BILLIE
5599,RODGER
5600,HARLEY
5601,DEMETRIUS
5602,ETHAN
5603,ELDON
5604,FREDDY
5605,ELI
5606,BRYCE
5607,ANTOINE
5608,ROBBIE
5609,ROYCE
5610,MICKEY
5611,GROVER
5612,ELTON
5613,DYLAN
5614,DAMIAN
5615,STAN
5616,LEONARDO
5617,RUSSEL
5618,ERWIN
5619,BENITO
5620,BLAINE
5621,ERNIE
5622,QUENTIN
5623,AGUSTIN
5624,JAMAL
5625,ADOLFO
5626,HARRISON
5627,TYSON
5628,BRADY
5629,ELLIOTT
5630,WILFREDO
5631,BART
5632,JARROD
5633,VANCE
5634,DENIS
5635,DAMIEN
5636,JOAQUIN
5637,HARLAN
5638,DESMOND
5639,ELLIOT
5640,ASHLEY
5641,GREGORIO
5642,BUDDY
5643,XAVIER
5644,KERMIT
5645,ROSCOE
5646,ESTEBAN
5647,ANTON
5648,SOLOMON
5649,SCOTTY
5650,NORBERT
5651,ELVIN
5652,WILLIAMS
5653,NOLAN
5654,CAREY
5655,QUINTON
5656,HAL
5657,ELWOOD
5658,KENDRICK
5659,DARIUS
5660,MOISES
5661,SON
5662,FIDEL
5663,THADDEUS
5664,ALI
5665,RAPHAEL
5666,BRYON
5667,ARMAND
5668,ALVARO
5669,JEFFRY
5670,DANE
5671,JOESPH
5672,THURMAN
5673,NED
5674,SAMMIE
5675,MICHEL
5676,MONTY
5677,RORY
5678,REGGIE
5679,MASON
5680,VAUGHN
5681,AVERY
5682,LOYD
5683,ALEXIS
5684,ADOLPH
5685,NORRIS
5686,MILLARD
5687,ROCCO
5688,GONZALO
5689,DERICK
5690,RODRIGO
5691,GERRY
5692,STACEY
5693,CARMEN
5694,WILEY
5695,RIGOBERTO
5696,ALPHONSO
5697,SHELBY
5698,RICKIE
5699,NOE
5700,VERN
5701,BOBBIE
5702,JEFFERSON
5703,BERNARDO
5704,MAURICIO
5705,HIRAM
5706,DONOVAN
5707,RILEY
5708,OLLIE
5709,NICKOLAS
5710,MAYNARD
5711,SCOT
5712,VINCE
5713,QUINCY
5714,SEBASTIAN
5715,FEDERICO
5716,HERIBERTO
5717,DONNELL
5718,DENNY
5719,DAVIS
5720,GAVIN
5721,ROMEO
5722,JAYSON
5723,DION
5724,DANTE
5725,ODELL
5726,JARVIS
5727,BRUNO
5728,ISSAC
5729,MARY
5730,DUDLEY
5731,BROCK
5732,SANFORD
5733,COLBY
5734,CARMELO
5735,BARNEY
5736,HOLLIS
5737,STEFAN
5738,DONNY
5739,LINWOOD
5740,BEAU
5741,WELDON
5742,GALEN
5743,ISIDRO
5744,TRUMAN
5745,DELMAR
5746,JOHNATHON
5747,SILAS
5748,FREDERIC
5749,KIRBY
5750,IRWIN
5751,CRUZ
5752,MERRILL
5753,CHARLEY
5754,MARCELINO
5755,HARRIS
5756,CLEO
5757,CARLO
5758,KURTIS
5759,AURELIO
5760,WINFRED
5761,VITO
5762,COLLIN
5763,CARTER
5764,LEONEL
5765,EMORY
5766,PASQUALE
5767,MOHAMMAD
5768,MARIANO
5769,DANIAL
5770,BLAIR
5771,LANDON
5772,BRANDEN
5773,ADAN
5774,CLAIR
5775,BUFORD
5776,BERNIE
5777,WILMER
5778,JOAN
5779,EMERSON
5780,ZACHERY
5781,FLETCHER
5782,JACQUES
5783,ERROL
5784,DALTON
5785,EDWARDO
5786,BOOKER
5787,WILFORD
5788,SONNY
5789,SHELTON
5790,CARSON
5791,THERON
5792,RAYMUNDO
5793,DAREN
5794,ROBBY
5795,JAME
5796,GENARO
5797,BENNETT
5798,OCTAVIO
5799,LAVERNE
5800,ARRON
5801,ANTONY
5802,HERSCHEL
5803,ALVA
5804,GIOVANNI
5805,GARTH
5806,CYRUS
5807,CYRIL
5808,RONNY
5809,STEVIE
5810,LON
5811,FREEMAN
5812,ERIN
5813,DUNCAN
5814,KENNITH
5815,AUGUSTINE
5816,ERICH
5817,CHADWICK
5818,WILBURN
5819,RUSS
5820,REID
5821,MYLES
5822,ANDERSON
5823,MORTON
5824,JONAS
5825,MITCHEL
5826,MERVIN
5827,ZANE
5828,JAMEL
5829,LAZARO
5830,ALPHONSE
5831,RANDELL
5832,JOHNIE
5833,JARRETT
5834,ARIEL
5835,ABDUL
5836,LUCIANO
5837,LINDSEY
5838,TRACEY
5839,SEYMOUR
5840,EUGENIO
5841,MOHAMMED
5842,VALENTIN
5843,ARNULFO
5844,LUCIEN
5845,FERDINAND
5846,THAD
5847,ALDO
5848,RUBIN
5849,MITCH
5850,EARLE
5851,ABE
5852,WYATT
5853,MARQUIS
5854,LANNY
5855,KAREEM
5856,JAMAR
5857,BORIS
5858,ISIAH
5859,ELMO
5860,ARON
5861,LEOPOLDO
5862,EVERETTE
5863,JOSEF
5864,GAIL
5865,ELOY
5866,DORIAN
5867,RODRICK
5868,REINALDO
5869,LUCIO
5870,JERROD
5871,WESTON
5872,HERSHEL
5873,BARTON
5874,PARKER
5875,LEMUEL
5876,LAVERN
5877,BURT
5878,JULES
5879,GIL
5880,ELISEO
5881,AHMAD
5882,NIGEL
5883,EFREN
5884,ANTWAN
5885,ALDEN
5886,MARGARITO
5887,COLEMAN
5888,REFUGIO
5889,DINO
5890,OSVALDO
5891,DEANDRE
5892,NORMAND
5893,KIETH
5894,ANDREA
5895,NORBERTO
5896,JEROLD
5897,FRITZ
5898,ROSENDO
5899,MILFORD
5900,DEON
5901,CHRISTOPER
5902,ALFONZO
5903,LYMAN
5904,JOSIAH
5905,JAMAAL
5906,DEWITT
5907,BRENTON
5908,YONG
5909,OLIN
5910,FAUSTINO
5911,CLAUDIO
5912,JUDSON
5913,GINO
5914,EDGARDO
5915,ALEC
5916,DONN
5917,SHIRLEY
5918,PRINCE
5919,PORFIRIO
5920,ODIS
5921,LENARD
5922,CHAUNCEY
5923,MEL
5924,MARCELO
5925,KORY
5926,AUGUSTUS
5927,KEVEN
5928,HILARIO
5929,SAL
5930,ORVAL
5931,MAURO
5932,DANNIE
5933,ZACHARIAH
5934,OLEN
5935,ANIBAL
5936,JED
5937,THANH
5938,DILLON
5939,AMADO
5940,CONNIE
5941,LENNY
5942,TORY
5943,RICHIE
5944,LUPE
5945,HORACIO
5946,BRICE
5947,MOHAMED
5948,DELMER
5949,DARIO
5950,REYES
5951,JERROLD
5952,ROBT
5953,RUPERT
5954,ROLLAND
5955,KENTON
5956,DAMION
5957,ANTONE
5958,WALDO
5959,FREDRIC
5960,BRADLY
5961,QUINN
5962,JEFFEREY
5963,AHMED
5964,WILLY
5965,OREN
5966,MOSHE
5967,MIKEL
5968,ENOCH
5969,BRENDON
5970,QUINTIN
5971,JAMISON
5972,FLORENCIO
5973,DARRICK
5974,TOBIAS
5975,MINH
5976,HASSAN
5977,GIUSEPPE
5978,DEMARCUS
5979,CLETUS
5980,TYRELL
5981,LYNDON
5982,KEENAN
5983,WERNER
5984,THEO
5985,GERALDO
5986,LOU
5987,CHET
5988,BERTRAM
5989,MARKUS
5990,HUEY
5991,HILTON
5992,DWAIN
5993,DONTE
5994,TYRON
5995,OMER
5996,ISAIAS
5997,HIPOLITO
5998,FERMIN
5999,CHUNG
6000,ADALBERTO
6001,JAMEY
6002,BO
6003,BARRETT
6004,TEODORO
6005,MAXIMO
6006,GARFIELD
6007,LAWERENCE
6008,ABRAM
6009,RASHAD
6010,EMMITT
6011,DARON
6012,CHONG
6013,SAMUAL
6014,OTHA
6015,MIQUEL
6016,EUSEBIO
6017,DOMENIC
6018,DARRON
6019,ANTONIA
6020,WILBER
6021,RENATO
6022,JC
6023,HOYT
6024,HAYWOOD
6025,CHAS
6026,FLORENTINO
6027,ELROY
6028,CLEMENTE
6029,ARDEN
6030,NEVILLE
6031,KELLEY
6032,EDISON
6033,DESHAWN
6034,CARROL
6035,SHAYNE
6036,NATHANIAL
6037,JORDON
6038,DANILO
6039,CLAUD
6040,VAL
6041,SHERWOOD
6042,RAYMON
6043,RAYFORD
6044,CRISTOBAL
6045,AMBROSE
6046,HYMAN
6047,FELTON
6048,EZEQUIEL
6049,ERASMO
6050,STANTON
6051,LONNY
6052,LEN
6053,IKE
6054,JAROD
6055,ANDREAS
6056,WALTON
6057,RHETT
6058,PALMER
6059,DOUGLASS
6060,CORDELL
6061,OSWALDO
6062,ELLSWORTH
6063,VIRGILIO
6064,TONEY
6065,NATHANAEL
6066,DEL
6067,BENEDICT
6068,MOSE
6069,LEIGH
6070,JOHNSON
6071,GAYLE
6072,FAUSTO
6073,ASA
6074,ARLEN
6075,ZACK
6076,WARNER
6077,MODESTO
6078,FRANCESCO
6079,JAE
6080,GAYLORD
6081,GASTON
6082,FILIBERTO
6083,DEANGELO
6084,MICHALE
6085,GRANVILLE
6086,WES
6087,MALIK
6088,ZACKARY
6089,TUAN
6090,NICKY
6091,ELDRIDGE
6092,CRISTOPHER
6093,CORTEZ
6094,ANTIONE
6095,MALCOM
6096,KOREY
6097,JOSPEH
6098,COLTON
6099,WAYLON
6100,VON
6101,SANTO
6102,RUDOLF
6103,ROLF
6104,REY
6105,RENALDO
6106,MARCELLUS
6107,LUCIUS
6108,LESLEY
6109,KRISTOFER
6110,BOYCE
6111,BENTON
6112,KASEY
6113,HAYDEN
6114,HARLAND
6115,ARNOLDO
6116,RUEBEN
6117,LEANDRO
6118,KRAIG
6119,JERRELL
6120,JEROMY
6121,HOBERT
6122,CEDRICK
6123,ARLIE
6124,WINFORD
6125,WALLY
6126,PATRICIA
6127,LUIGI
6128,KENETH
6129,JACINTO
6130,GRAIG
6131,FRANKLYN
6132,EDMUNDO
6133,SID
6134,LEIF
6135,LAUREN
6136,JERAMY
6137,ELISHA
6138,WILLIAN
6139,VINCENZO
6140,SHON
6141,MICHAL
6142,LYNWOOD
6143,LINDSAY
6144,JERE
6145,HAI
6146,ELDEN
6147,DORSEY
6148,DARELL
6149,BRODERICK
6150,ALONSO
